timestamp,load_kwh,pv_generation_kwh,pv_to_load_kwh,battery_charge_from_pv_kwh,battery_charge_from_grid_kwh,battery_discharge_kwh,battery_soc_percent,grid_import_kwh,grid_export_kwh,tariff_zone,tariff_price_uah_per_kwh,import_cost_uah,export_revenue_uah,net_cost_uah,baseline_cost_without_pv_battery_uah
2025-04-07 00:00:00,56.5722,3.0054245663232,3.0054245663232,0.0,19.8,0.0,66.91,73.3667754336768,0.0,night,2.64,193.68828714490678,0.0,193.68828714490678,149.35060800000002
2025-04-07 01:00:00,53.9133,2.072882803992,2.072882803992,0.0,19.8,0.0,83.82,71.640417196008,0.0,night,2.64,189.13070139746114,0.0,189.13070139746114,142.33111200000002
2025-04-07 02:00:00,51.3508,0.0,0.0,0.0,0.0,0.0,83.81,51.3508,0.0,night,2.64,135.566112,0.0,135.566112,135.566112
2025-04-07 03:00:00,53.8462,3.241420055664,3.241420055664,0.0,0.0,0.0,83.80000000000001,50.604779944336,0.0,night,2.64,133.59661905304705,0.0,133.59661905304705,142.15396800000002
2025-04-07 04:00:00,50.6032,0.8951862916864001,0.8951862916864001,0.0,0.0,0.0,83.79,49.7080137083136,0.0,night,2.64,131.2291561899479,0.0,131.2291561899479,133.59244800000002
2025-04-07 05:00:00,53.8251,3.3153431974208005,3.3153431974208005,0.0,0.0,0.0,83.78000000000002,50.5097568025792,0.0,night,2.64,133.3457579588091,0.0,133.3457579588091,142.098264
2025-04-07 06:00:00,75.3787,0.0,0.0,0.0,0.0,0.0,83.77000000000002,75.3787,0.0,night,2.64,198.999768,0.0,198.999768,198.999768
2025-04-07 07:00:00,70.5858,19.7366905420608,19.7366905420608,0.0,0.0,33.05192114766049,51.79489250709819,17.79718831027872,0.0,half_peak,5.28,93.96915427827165,0.0,93.96915427827165,372.69302400000004
2025-04-07 08:00:00,109.4147,42.1344875223552,42.1344875223552,0.0,0.0,32.87591885233953,20.0,34.404293625305264,0.0,peak,7.92,272.4820055124177,0.0,272.4820055124177,866.5644239999999
2025-04-07 09:00:00,108.4612,52.93481790968001,52.93481790968001,0.0,0.0,0.0,20.0,55.52638209032,0.0,peak,7.92,439.7689461553344,0.0,439.7689461553344,859.012704
2025-04-07 10:00:00,100.597,63.38844768936959,63.38844768936959,0.0,0.0,0.0,20.0,37.2085523106304,0.0,peak,7.92,294.69173430019276,0.0,294.69173430019276,796.7282399999999
2025-04-07 11:00:00,95.8128,78.56919762104,78.56919762104,0.0,0.0,0.0,20.0,17.24360237895999,0.0,half_peak,5.28,91.04622056090876,0.0,91.04622056090876,505.891584
2025-04-07 12:00:00,109.8942,73.04379275278399,73.04379275278399,0.0,0.0,0.0,20.0,36.85040724721601,0.0,half_peak,5.28,194.57015026530055,0.0,194.57015026530055,580.2413760000001
2025-04-07 13:00:00,104.4657,71.1895252833408,71.1895252833408,0.0,0.0,0.0,20.0,33.2761747166592,0.0,half_peak,5.28,175.69820250396057,0.0,175.69820250396057,551.578896
2025-04-07 14:00:00,105.1942,66.97414994410559,66.97414994410559,0.0,0.0,0.0,20.0,38.220050055894404,0.0,half_peak,5.28,201.80186429512247,0.0,201.80186429512247,555.425376
2025-04-07 15:00:00,96.0075,55.89013392951521,55.89013392951521,0.0,0.0,0.0,20.0,40.117366070484785,0.0,half_peak,5.28,211.81969285215968,0.0,211.81969285215968,506.9196
2025-04-07 16:00:00,108.6406,34.61128292061441,34.61128292061441,0.0,0.0,0.0,20.0,74.0293170793856,0.0,half_peak,5.28,390.874794179156,0.0,390.874794179156,573.622368
2025-04-07 17:00:00,108.697,23.982217330176,23.982217330176,0.0,0.0,0.0,20.0,84.714782669824,0.0,half_peak,5.28,447.29405249667076,0.0,447.29405249667076,573.92016
2025-04-07 18:00:00,87.0243,0.5108996688767999,0.5108996688767999,0.0,0.0,0.0,20.0,86.5134003311232,0.0,half_peak,5.28,456.7907537483305,0.0,456.7907537483305,459.488304
2025-04-07 19:00:00,85.1461,2.9641677016896004,2.9641677016896004,0.0,0.0,0.0,20.0,82.1819322983104,0.0,half_peak,5.28,433.92060253507896,0.0,433.92060253507896,449.571408
2025-04-07 20:00:00,81.18090000000001,0.0,0.0,0.0,0.0,0.0,20.0,81.18090000000001,0.0,peak,7.92,642.9527280000001,0.0,642.9527280000001,642.9527280000001
2025-04-07 21:00:00,85.8732,0.385611226224,0.385611226224,0.0,0.0,0.0,20.0,85.487588773776,0.0,peak,7.92,677.0617030883059,0.0,677.0617030883059,680.115744
2025-04-07 22:00:00,69.0777,0.0,0.0,0.0,0.0,0.0,20.0,69.0777,0.0,half_peak,5.28,364.730256,0.0,364.730256,364.730256
2025-04-07 23:00:00,67.6127,0.4571975609151999,0.4571975609151999,0.0,19.8,0.0,36.90999999999999,86.9555024390848,0.0,night,2.64,229.56252643918387,0.0,229.56252643918387,178.49752800000002
2025-04-08 00:00:00,50.1099,0.0,0.0,0.0,19.8,0.0,53.81999999999999,69.90990000000001,0.0,night,2.64,184.56213600000004,0.0,184.56213600000004,132.29013600000002
2025-04-08 01:00:00,55.2882,0.0,0.0,0.0,19.8,0.0,70.72999999999999,75.0882,0.0,night,2.64,198.23284800000002,0.0,198.23284800000002,145.96084800000003
2025-04-08 02:00:00,50.5335,2.3832082753920005,2.3832082753920005,0.0,0.0,0.0,70.72,48.150291724607996,0.0,night,2.64,127.11677015296512,0.0,127.11677015296512,133.40843999999998
2025-04-08 03:00:00,52.832,1.6846288158336,1.6846288158336,0.0,0.0,0.0,70.71000000000001,51.1473711841664,0.0,night,2.64,135.02905992619932,0.0,135.02905992619932,139.47648
2025-04-08 04:00:00,52.5479,0.0,0.0,0.0,0.0,0.0,70.7,52.5479,0.0,night,2.64,138.726456,0.0,138.726456,138.726456
2025-04-08 05:00:00,57.5989,0.0,0.0,0.0,0.0,0.0,70.69000000000001,57.5989,0.0,night,2.64,152.06109600000002,0.0,152.06109600000002,152.06109600000002
2025-04-08 06:00:00,72.9629,0.029763131305600002,0.029763131305600002,0.0,0.0,0.0,70.68000000000002,72.9331368686944,0.0,night,2.64,192.54348133335324,0.0,192.54348133335324,192.62205600000001
2025-04-08 07:00:00,75.3289,18.836295862249603,18.836295862249603,0.0,0.0,36.72019268953776,35.15724111263274,19.772411448212644,0.0,half_peak,5.28,104.39833244656276,0.0,104.39833244656276,397.73659200000003
2025-04-08 08:00:00,102.383,37.790491882303996,37.790491882303996,0.0,0.0,15.672587310462253,20.0,48.919920807233744,0.0,peak,7.92,387.44577279329127,0.0,387.44577279329127,810.8733599999999
2025-04-08 09:00:00,111.2163,56.560500838464,56.560500838464,0.0,0.0,0.0,20.0,54.655799161536,0.0,peak,7.92,432.87392935936515,0.0,432.87392935936515,880.8330960000001
2025-04-08 10:00:00,105.0141,70.83631502787841,70.83631502787841,0.0,0.0,0.0,20.0,34.177784972121586,0.0,peak,7.92,270.68805697920294,0.0,270.68805697920294,831.711672
2025-04-08 11:00:00,108.5344,71.97015200390399,71.97015200390399,0.0,0.0,0.0,20.0,36.564247996096015,0.0,half_peak,5.28,193.05922941938695,0.0,193.05922941938695,573.061632
2025-04-08 12:00:00,97.6973,74.96945767584002,74.96945767584002,0.0,0.0,0.0,20.0,22.72784232415998,0.0,half_peak,5.28,120.0030074715647,0.0,120.0030074715647,515.8417440000001
2025-04-08 13:00:00,109.6952,73.51121008931841,73.51121008931841,0.0,0.0,0.0,20.0,36.18398991068159,0.0,half_peak,5.28,191.0514667283988,0.0,191.0514667283988,579.190656
2025-04-08 14:00:00,109.6482,69.53557923957122,69.53557923957122,0.0,0.0,0.0,20.0,40.11262076042878,0.0,half_peak,5.28,211.79463761506398,0.0,211.79463761506398,578.942496
2025-04-08 15:00:00,98.3917,56.7038143820736,56.7038143820736,0.0,0.0,0.0,20.0,41.6878856179264,0.0,half_peak,5.28,220.11203606265138,0.0,220.11203606265138,519.508176
2025-04-08 16:00:00,104.889,35.601284468825604,35.601284468825604,0.0,0.0,0.0,20.0,69.2877155311744,0.0,half_peak,5.28,365.83913800460084,0.0,365.83913800460084,553.81392
2025-04-08 17:00:00,107.7449,18.7147459658208,18.7147459658208,0.0,0.0,0.0,20.0,89.0301540341792,0.0,half_peak,5.28,470.0792133004662,0.0,470.0792133004662,568.8930720000001
2025-04-08 18:00:00,80.3147,3.5962967476800003,3.5962967476800003,0.0,0.0,0.0,20.0,76.71840325232,0.0,half_peak,5.28,405.0731691722496,0.0,405.0731691722496,424.061616
2025-04-08 19:00:00,90.9534,0.0,0.0,0.0,0.0,0.0,20.0,90.9534,0.0,half_peak,5.28,480.23395200000004,0.0,480.23395200000004,480.23395200000004
2025-04-08 20:00:00,77.6985,1.9429895096639997,1.9429895096639997,0.0,0.0,0.0,20.0,75.755510490336,0.0,peak,7.92,599.9836430834611,0.0,599.9836430834611,615.37212
2025-04-08 21:00:00,90.4058,1.5518424743808004,1.5518424743808004,0.0,0.0,0.0,20.0,88.8539575256192,0.0,peak,7.92,703.723343602904,0.0,703.723343602904,716.013936
2025-04-08 22:00:00,66.6305,2.4607995262592,2.4607995262592,0.0,0.0,0.0,20.0,64.1697004737408,0.0,half_peak,5.28,338.81601850135144,0.0,338.81601850135144,351.80904
2025-04-08 23:00:00,71.0539,0.0,0.0,0.0,19.8,0.0,36.90999999999999,90.8539,0.0,night,2.64,239.854296,0.0,239.854296,187.582296
2025-04-09 00:00:00,54.6527,0.6604135053824001,0.6604135053824001,0.0,19.8,0.0,53.81999999999999,73.7922864946176,0.0,night,2.64,194.81163634579048,0.0,194.81163634579048,144.283128
2025-04-09 01:00:00,56.5602,2.4203491361280003,2.4203491361280003,0.0,19.8,0.0,70.72999999999999,73.939850863872,0.0,night,2.64,195.20120628062207,0.0,195.20120628062207,149.318928
2025-04-09 02:00:00,50.7367,3.2010302069424,3.2010302069424,0.0,0.0,0.0,70.72,47.5356697930576,0.0,night,2.64,125.49416825367207,0.0,125.49416825367207,133.944888
2025-04-09 03:00:00,53.1529,0.0,0.0,0.0,0.0,0.0,70.71000000000001,53.1529,0.0,night,2.64,140.323656,0.0,140.323656,140.323656
2025-04-09 04:00:00,52.0021,0.0,0.0,0.0,0.0,0.0,70.7,52.0021,0.0,night,2.64,137.28554400000002,0.0,137.28554400000002,137.28554400000002
2025-04-09 05:00:00,50.4594,0.0,0.0,0.0,0.0,0.0,70.69000000000001,50.4594,0.0,night,2.64,133.212816,0.0,133.212816,133.212816
2025-04-09 06:00:00,68.5693,0.0,0.0,0.0,0.0,0.0,70.68000000000002,68.5693,0.0,night,2.64,181.022952,0.0,181.022952,181.022952
2025-04-09 07:00:00,69.3586,21.619649970912,21.619649970912,0.0,0.0,31.030317518907196,40.66002174186926,16.7086325101808,0.0,half_peak,5.28,88.22157965375462,0.0,88.22157965375462,366.213408
2025-04-09 08:00:00,93.9671,37.071464650460804,37.071464650460804,0.0,0.0,21.362462481092813,20.0,35.533172868446385,0.0,peak,7.92,281.4227291180954,0.0,281.4227291180954,744.219432
2025-04-09 09:00:00,98.2232,59.022535399329605,59.022535399329605,0.0,0.0,0.0,20.0,39.2006646006704,0.0,peak,7.92,310.46926363730955,0.0,310.46926363730955,777.9277440000001
2025-04-09 10:00:00,106.0202,65.32896890597281,65.32896890597281,0.0,0.0,0.0,20.0,40.69123109402719,0.0,peak,7.92,322.27455026469534,0.0,322.27455026469534,839.679984
2025-04-09 11:00:00,100.0823,79.6276085262336,79.6276085262336,0.0,0.0,0.0,20.0,20.454691473766403,0.0,half_peak,5.28,108.00077098148661,0.0,108.00077098148661,528.4345440000001
2025-04-09 12:00:00,100.7216,76.95667123892159,76.95667123892159,0.0,0.0,0.0,20.0,23.76492876107841,0.0,half_peak,5.28,125.478823858494,0.0,125.478823858494,531.810048
2025-04-09 13:00:00,98.7653,73.160493551264,73.160493551264,0.0,0.0,0.0,20.0,25.604806448736,0.0,half_peak,5.28,135.19337804932607,0.0,135.19337804932607,521.480784
2025-04-09 14:00:00,101.3536,68.94375544672,68.94375544672,0.0,0.0,0.0,20.0,32.409844553279996,0.0,half_peak,5.28,171.12397924131838,0.0,171.12397924131838,535.147008
2025-04-09 15:00:00,96.3108,52.67727586968,52.67727586968,0.0,0.0,0.0,20.0,43.63352413032,0.0,half_peak,5.28,230.3850074080896,0.0,230.3850074080896,508.521024
2025-04-09 16:00:00,109.2965,38.88503611332481,38.88503611332481,0.0,0.0,0.0,20.0,70.4114638866752,0.0,half_peak,5.28,371.77252932164504,0.0,371.77252932164504,577.08552
2025-04-09 17:00:00,100.1863,22.044077222944,22.044077222944,0.0,0.0,0.0,20.0,78.142222777056,0.0,half_peak,5.28,412.59093626285573,0.0,412.59093626285573,528.9836640000001
2025-04-09 18:00:00,83.9206,0.0,0.0,0.0,0.0,0.0,20.0,83.9206,0.0,half_peak,5.28,443.10076799999996,0.0,443.10076799999996,443.10076799999996
2025-04-09 19:00:00,83.4715,0.0,0.0,0.0,0.0,0.0,20.0,83.4715,0.0,half_peak,5.28,440.72952000000004,0.0,440.72952000000004,440.72952000000004
2025-04-09 20:00:00,78.4842,0.0,0.0,0.0,0.0,0.0,20.0,78.4842,0.0,peak,7.92,621.594864,0.0,621.594864,621.594864
2025-04-09 21:00:00,79.345,0.0,0.0,0.0,0.0,0.0,20.0,79.345,0.0,peak,7.92,628.4123999999999,0.0,628.4123999999999,628.4123999999999
2025-04-09 22:00:00,67.455,0.0,0.0,0.0,0.0,0.0,20.0,67.455,0.0,half_peak,5.28,356.1624,0.0,356.1624,356.1624
2025-04-09 23:00:00,66.15259999999999,0.0,0.0,0.0,19.8,0.0,36.90999999999999,85.95259999999999,0.0,night,2.64,226.914864,0.0,226.914864,174.64286399999997
2025-04-10 00:00:00,53.7692,0.0,0.0,0.0,19.8,0.0,53.81999999999999,73.5692,0.0,night,2.64,194.222688,0.0,194.222688,141.950688
2025-04-10 01:00:00,54.9286,0.921573211776,0.921573211776,0.0,19.8,0.0,70.72999999999999,73.80702678822401,0.0,night,2.64,194.8505507209114,0.0,194.8505507209114,145.011504
2025-04-10 02:00:00,49.4183,1.9288482949120003,1.9288482949120003,0.0,0.0,0.0,70.72,47.489451705088,0.0,night,2.64,125.37215250143232,0.0,125.37215250143232,130.464312
2025-04-10 03:00:00,54.27,2.7941245928960003,2.7941245928960003,0.0,0.0,0.0,70.71000000000001,51.475875407104006,0.0,night,2.64,135.89631107475458,0.0,135.89631107475458,143.27280000000002
2025-04-10 04:00:00,50.421,2.1394728231072,2.1394728231072,0.0,0.0,0.0,70.7,48.2815271768928,0.0,night,2.64,127.463231746997,0.0,127.463231746997,133.11144000000002
2025-04-10 05:00:00,50.0473,0.0,0.0,0.0,0.0,0.0,70.69000000000001,50.0473,0.0,night,2.64,132.124872,0.0,132.124872,132.124872
2025-04-10 06:00:00,69.9669,0.0,0.0,0.0,0.0,0.0,70.68000000000002,69.9669,0.0,night,2.64,184.712616,0.0,184.712616,184.712616
2025-04-10 07:00:00,67.6687,23.406557332480002,23.406557332480002,0.0,0.0,28.770392733888,42.845635653880095,15.491749933631997,0.0,half_peak,5.28,81.79643964957695,0.0,81.79643964957695,357.29073600000004
2025-04-10 08:00:00,102.7251,39.7250396967424,39.7250396967424,0.0,0.0,23.622387266112014,20.0,39.377673037145584,0.0,peak,7.92,311.871170454193,0.0,311.871170454193,813.5827919999999
2025-04-10 09:00:00,100.6413,55.21288681668481,55.21288681668481,0.0,0.0,0.0,20.0,45.42841318331519,0.0,peak,7.92,359.7930324118563,0.0,359.7930324118563,797.079096
2025-04-10 10:00:00,97.1717,64.68841232322559,64.68841232322559,0.0,0.0,0.0,20.0,32.48328767677441,0.0,peak,7.92,257.26763840005333,0.0,257.26763840005333,769.599864
2025-04-10 11:00:00,104.8593,79.9350829691904,79.9350829691904,0.0,0.0,0.0,20.0,24.9242170308096,0.0,half_peak,5.28,131.5998659226747,0.0,131.5998659226747,553.657104
2025-04-10 12:00:00,108.578,78.6413240074336,78.6413240074336,0.0,0.0,0.0,20.0,29.936675992566407,0.0,half_peak,5.28,158.06564924075064,0.0,158.06564924075064,573.2918400000001
2025-04-10 13:00:00,98.4079,75.2863246135616,75.2863246135616,0.0,0.0,0.0,20.0,23.121575386438394,0.0,half_peak,5.28,122.08191804039473,0.0,122.08191804039473,519.593712
2025-04-10 14:00:00,97.4914,66.89489479404482,66.89489479404482,0.0,0.0,0.0,20.0,30.596505205955182,0.0,half_peak,5.28,161.54954748744336,0.0,161.54954748744336,514.754592
2025-04-10 15:00:00,102.9678,54.2551096389792,54.2551096389792,0.0,0.0,0.0,20.0,48.7126903610208,0.0,half_peak,5.28,257.20300510618983,0.0,257.20300510618983,543.669984
2025-04-10 16:00:00,107.5687,37.129203748929584,37.129203748929584,0.0,0.0,0.0,20.0,70.43949625107042,0.0,half_peak,5.28,371.92054020565183,0.0,371.92054020565183,567.9627360000001
2025-04-10 17:00:00,107.4049,18.777328326310403,18.777328326310403,0.0,0.0,0.0,20.0,88.6275716736896,0.0,half_peak,5.28,467.9535784370811,0.0,467.9535784370811,567.097872
2025-04-10 18:00:00,85.6358,0.38295755364160006,0.38295755364160006,0.0,0.0,0.0,20.0,85.2528424463584,0.0,half_peak,5.28,450.1350081167724,0.0,450.1350081167724,452.15702400000004
2025-04-10 19:00:00,84.9196,0.0,0.0,0.0,0.0,0.0,20.0,84.9196,0.0,half_peak,5.28,448.375488,0.0,448.375488,448.375488
2025-04-10 20:00:00,85.2938,0.0,0.0,0.0,0.0,0.0,20.0,85.2938,0.0,peak,7.92,675.5268960000001,0.0,675.5268960000001,675.5268960000001
2025-04-10 21:00:00,84.5785,1.9193173110383999,1.9193173110383999,0.0,0.0,0.0,20.0,82.65918268896161,0.0,peak,7.92,654.660726896576,0.0,654.660726896576,669.86172
2025-04-10 22:00:00,67.9907,0.0,0.0,0.0,0.0,0.0,20.0,67.9907,0.0,half_peak,5.28,358.990896,0.0,358.990896,358.990896
2025-04-10 23:00:00,67.842,1.0513104584639998,1.0513104584639998,0.0,19.8,0.0,36.90999999999999,86.590689541536,0.0,night,2.64,228.59942038965502,0.0,228.59942038965502,179.10288
2025-04-11 00:00:00,53.1479,0.0,0.0,0.0,19.8,0.0,53.81999999999999,72.9479,0.0,night,2.64,192.582456,0.0,192.582456,140.31045600000002
2025-04-11 01:00:00,52.0013,2.6785793081600002,2.6785793081600002,0.0,19.8,0.0,70.72999999999999,69.12272069184,0.0,night,2.64,182.48398262645762,0.0,182.48398262645762,137.283432
2025-04-11 02:00:00,54.5341,2.9151111954048,2.9151111954048,0.0,0.0,0.0,70.72,51.618988804595205,0.0,night,2.64,136.27413044413134,0.0,136.27413044413134,143.97002400000002
2025-04-11 03:00:00,53.1568,0.0,0.0,0.0,0.0,0.0,70.71000000000001,53.1568,0.0,night,2.64,140.333952,0.0,140.333952,140.333952
2025-04-11 04:00:00,50.1097,0.0,0.0,0.0,0.0,0.0,70.7,50.1097,0.0,night,2.64,132.289608,0.0,132.289608,132.289608
2025-04-11 05:00:00,50.278,0.8133556197312001,0.8133556197312001,0.0,0.0,0.0,70.69000000000001,49.4646443802688,0.0,night,2.64,130.58666116390964,0.0,130.58666116390964,132.73392
2025-04-11 06:00:00,67.0458,0.0,0.0,0.0,0.0,0.0,70.68000000000002,67.0458,0.0,night,2.64,177.000912,0.0,177.000912,177.000912
2025-04-11 07:00:00,73.7196,18.681331268992004,18.681331268992004,0.0,0.0,35.774874675155196,36.07147516909557,19.2633940558528,0.0,half_peak,5.28,101.71072061490278,0.0,101.71072061490278,389.239488
2025-04-11 08:00:00,93.6179,42.222309307248004,42.222309307248004,0.0,0.0,16.61790532484482,20.0,34.77768536790718,0.0,peak,7.92,275.4392681138249,0.0,275.4392681138249,741.4537680000001
2025-04-11 09:00:00,102.924,58.078999053129614,58.078999053129614,0.0,0.0,0.0,20.0,44.84500094687039,0.0,peak,7.92,355.1724074992135,0.0,355.1724074992135,815.15808
2025-04-11 10:00:00,101.1076,71.2935935305776,71.2935935305776,0.0,0.0,0.0,20.0,29.81400646942241,0.0,peak,7.92,236.1269312378255,0.0,236.1269312378255,800.772192
2025-04-11 11:00:00,106.7081,79.46391084732801,79.46391084732801,0.0,0.0,0.0,20.0,27.244189152671993,0.0,half_peak,5.28,143.84931872610812,0.0,143.84931872610812,563.418768
2025-04-11 12:00:00,102.7741,79.6594322983424,79.6594322983424,0.0,0.0,0.0,20.0,23.11466770165761,0.0,half_peak,5.28,122.04544546475218,0.0,122.04544546475218,542.6472480000001
2025-04-11 13:00:00,103.4423,73.5371289172352,73.5371289172352,0.0,0.0,0.0,20.0,29.90517108276481,0.0,half_peak,5.28,157.8993033169982,0.0,157.8993033169982,546.175344
2025-04-11 14:00:00,101.3881,67.02175731334721,67.02175731334721,0.0,0.0,0.0,20.0,34.366342686652786,0.0,half_peak,5.28,181.45428938552672,0.0,181.45428938552672,535.329168
2025-04-11 15:00:00,106.2439,59.22775367606721,59.22775367606721,0.0,0.0,0.0,20.0,47.01614632393279,0.0,half_peak,5.28,248.24525259036514,0.0,248.24525259036514,560.967792
2025-04-11 16:00:00,102.3763,37.4562308343104,37.4562308343104,0.0,0.0,0.0,20.0,64.9200691656896,0.0,half_peak,5.28,342.7779651948411,0.0,342.7779651948411,540.546864
2025-04-11 17:00:00,104.5228,22.732632892569605,22.732632892569605,0.0,0.0,0.0,20.0,81.79016710743039,0.0,half_peak,5.28,431.8520823272325,0.0,431.8520823272325,551.880384
2025-04-11 18:00:00,76.5285,3.743766080992,3.743766080992,0.0,0.0,0.0,20.0,72.78473391900799,0.0,half_peak,5.28,384.3033950923622,0.0,384.3033950923622,404.07048
2025-04-11 19:00:00,78.6309,0.0,0.0,0.0,0.0,0.0,20.0,78.6309,0.0,half_peak,5.28,415.171152,0.0,415.171152,415.171152
2025-04-11 20:00:00,82.6309,3.9759812084160004,3.9759812084160004,0.0,0.0,0.0,20.0,78.654918791584,0.0,peak,7.92,622.9469568293453,0.0,622.9469568293453,654.436728
2025-04-11 21:00:00,78.0688,0.0,0.0,0.0,0.0,0.0,20.0,78.0688,0.0,peak,7.92,618.304896,0.0,618.304896,618.304896
2025-04-11 22:00:00,71.9445,0.0,0.0,0.0,0.0,0.0,20.0,71.9445,0.0,half_peak,5.28,379.86696000000006,0.0,379.86696000000006,379.86696000000006
2025-04-11 23:00:00,65.01820000000001,0.0,0.0,0.0,19.8,0.0,36.90999999999999,84.8182,0.0,night,2.64,223.920048,0.0,223.920048,171.64804800000002
2025-04-12 00:00:00,51.268,0.0,0.0,0.0,19.8,0.0,53.81999999999999,71.068,0.0,night,2.64,187.61952,0.0,187.61952,135.34752
2025-04-12 01:00:00,51.824,0.0,0.0,0.0,19.8,0.0,70.72999999999999,71.624,0.0,night,2.64,189.08736,0.0,189.08736,136.81536
2025-04-12 02:00:00,50.4175,0.0,0.0,0.0,0.0,0.0,70.72,50.4175,0.0,night,2.64,133.1022,0.0,133.1022,133.1022
2025-04-12 03:00:00,49.8067,0.0,0.0,0.0,0.0,0.0,70.71000000000001,49.8067,0.0,night,2.64,131.489688,0.0,131.489688,131.489688
2025-04-12 04:00:00,50.8228,0.0,0.0,0.0,0.0,0.0,70.7,50.8228,0.0,night,2.64,134.172192,0.0,134.172192,134.172192
2025-04-12 05:00:00,49.7198,2.4741103645776,2.4741103645776,0.0,0.0,0.0,70.69000000000001,47.2456896354224,0.0,night,2.64,124.72862063751515,0.0,124.72862063751515,131.26027200000001
2025-04-12 06:00:00,53.0803,0.0,0.0,0.0,0.0,0.0,70.68000000000002,53.0803,0.0,night,2.64,140.131992,0.0,140.131992,140.131992
2025-04-12 07:00:00,50.0201,17.452729580652804,17.452729580652804,0.0,0.0,21.16879077257568,50.19728165128079,11.39857964677152,0.0,half_peak,5.28,60.18450053495363,0.0,60.18450053495363,264.106128
2025-04-12 08:00:00,50.3362,37.529417837184,37.529417837184,0.0,0.0,12.806782162815999,37.80161224817053,0.0,0.0,peak,7.92,0.0,0.0,0.0,398.66270399999996
2025-04-12 09:00:00,70.4091,56.980307304200004,56.980307304200004,0.0,0.0,13.428792695799991,24.804385269640562,0.0,0.0,peak,7.92,0.0,0.0,0.0,557.6400719999999
2025-04-12 10:00:00,68.8135,72.1113154393968,68.8135,3.2978154393967998,0.0,0.0,27.612518463306916,0.0,0.0,peak,7.92,0.0,0.0,0.0,545.00292
2025-04-12 11:00:00,66.6068,80.6201671243584,66.6068,14.013367124358396,0.0,0.0,39.57757764230409,0.0,0.0,half_peak,5.28,0.0,0.0,0.0,351.68390400000004
2025-04-12 12:00:00,64.9811,82.49899938492801,64.9811,17.517899384928015,0.0,0.0,54.537418934878936,0.0,0.0,half_peak,5.28,0.0,0.0,0.0,343.100208
2025-04-12 13:00:00,61.0386,77.83102854535679,61.0386,16.792428545356785,0.0,0.0,68.87731241909292,0.0,0.0,half_peak,5.28,0.0,0.0,0.0,322.283808
2025-04-12 14:00:00,72.1006,67.7153962285024,67.7153962285024,0.0,0.0,2.8503824514734406,66.11065627646869,1.53482132002416,0.0,half_peak,5.28,8.103856569727565,0.0,8.103856569727565,380.691168
2025-04-12 15:00:00,70.7423,55.90882255011199,55.90882255011199,0.0,0.0,9.641760342427206,56.775936409517826,5.191717107460802,0.0,half_peak,5.28,27.412266327393034,0.0,27.412266327393034,373.51934400000005
2025-04-12 16:00:00,67.9544,43.9991592842368,43.9991592842368,0.0,0.0,15.570906465246088,41.70703267136879,8.384334250517123,0.0,half_peak,5.28,44.26928484273041,0.0,44.26928484273041,358.7992320000001
2025-04-12 17:00:00,62.5302,17.6253735849408,17.6253735849408,0.0,0.0,0.0,41.69703267136879,44.904826415059205,0.0,half_peak,5.28,237.09748347151262,0.0,237.09748347151262,330.15945600000003
2025-04-12 18:00:00,71.2319,3.8129820139712,3.8129820139712,0.0,0.0,0.0,41.68703267136879,67.4189179860288,0.0,half_peak,5.28,355.9718869662321,0.0,355.9718869662321,376.104432
2025-04-12 19:00:00,51.613,0.78253958552,0.78253958552,0.0,0.0,0.0,41.677032671368785,50.83046041448,0.0,half_peak,5.28,268.38483098845444,0.0,268.38483098845444,272.51664
2025-04-12 20:00:00,52.8769,0.0,0.0,0.0,0.0,22.414051782195322,20.0,30.462848217804677,0.0,peak,7.92,241.26575788501304,0.0,241.26575788501304,418.785048
2025-04-12 21:00:00,49.8519,0.0,0.0,0.0,0.0,0.0,20.0,49.8519,0.0,peak,7.92,394.827048,0.0,394.827048,394.827048
2025-04-12 22:00:00,50.4622,2.9238735621872003,2.9238735621872003,0.0,0.0,0.0,20.0,47.5383264378128,0.0,half_peak,5.28,251.0023635916516,0.0,251.0023635916516,266.440416
2025-04-12 23:00:00,52.5231,0.0,0.0,0.0,19.8,0.0,36.90999999999999,72.3231,0.0,night,2.64,190.932984,0.0,190.932984,138.660984
2025-04-13 00:00:00,52.578,1.5114869815135998,1.5114869815135998,0.0,19.8,0.0,53.81999999999999,70.8665130184864,0.0,night,2.64,187.0875943688041,0.0,187.0875943688041,138.80592000000001
2025-04-13 01:00:00,50.368,0.0,0.0,0.0,19.8,0.0,70.72999999999999,70.168,0.0,night,2.64,185.24352000000002,0.0,185.24352000000002,132.97152
2025-04-13 02:00:00,53.158,2.1126216168848,2.1126216168848,0.0,0.0,0.0,70.72,51.0453783831152,0.0,night,2.64,134.75979893142414,0.0,134.75979893142414,140.33712
2025-04-13 03:00:00,50.6963,0.0,0.0,0.0,0.0,0.0,70.71000000000001,50.6963,0.0,night,2.64,133.838232,0.0,133.838232,133.838232
2025-04-13 04:00:00,49.6777,0.0,0.0,0.0,0.0,0.0,70.7,49.6777,0.0,night,2.64,131.14912800000002,0.0,131.14912800000002,131.14912800000002
2025-04-13 05:00:00,50.2074,0.0,0.0,0.0,0.0,0.0,70.69000000000001,50.2074,0.0,night,2.64,132.547536,0.0,132.547536,132.547536
2025-04-13 06:00:00,50.3533,0.9288344256352001,0.9288344256352001,0.0,0.0,0.0,70.68000000000002,49.424465574364795,0.0,night,2.64,130.48058911632307,0.0,130.48058911632307,132.932712
2025-04-13 07:00:00,50.3525,17.727282132840003,17.727282132840003,0.0,0.0,21.206391613654,50.16091720149517,11.418826253505998,0.0,half_peak,5.28,60.29140261851167,0.0,60.29140261851167,265.8612
2025-04-13 08:00:00,50.4082,43.9653931123008,43.9653931123008,0.0,0.0,6.442806887699199,43.91996276464875,0.0,0.0,peak,7.92,0.0,0.0,0.0,399.232944
2025-04-13 09:00:00,67.7943,55.725219180512,55.725219180512,0.0,0.0,12.069080819488008,32.237737600733844,0.0,0.0,peak,7.92,0.0,0.0,0.0,536.9308560000001
2025-04-13 10:00:00,66.7413,74.1060131487872,66.7413,7.364713148787203,0.0,0.0,38.52121974606109,0.0,0.0,peak,7.92,0.0,0.0,0.0,528.591096
2025-04-13 11:00:00,66.0497,77.92836756163202,66.0497,11.878667561632014,0.0,0.0,48.66208111691026,0.0,0.0,half_peak,5.28,0.0,0.0,0.0,348.74241600000005
2025-04-13 12:00:00,70.6814,81.83896384469121,70.6814,11.15756384469121,0.0,0.0,58.18672658419185,0.0,0.0,half_peak,5.28,0.0,0.0,0.0,373.197792
2025-04-13 13:00:00,68.4496,78.61911510432,68.4496,10.169515104319998,0.0,0.0,66.86703949151985,0.0,0.0,half_peak,5.28,0.0,0.0,0.0,361.41388800000004
2025-04-13 14:00:00,60.77,71.82905540247361,60.77,11.05905540247361,0.0,0.0,76.30750501727005,0.0,0.0,half_peak,5.28,0.0,0.0,0.0,320.86560000000003
2025-04-13 15:00:00,66.6903,61.139501585500795,61.139501585500795,0.0,0.0,3.608018969424479,72.80812496947074,1.9427794450747191,0.0,half_peak,5.28,10.257875469994518,0.0,10.257875469994518,352.124784
2025-04-13 16:00:00,61.062,43.326094907872005,43.326094907872005,0.0,0.0,11.528338309883196,61.64886161368428,6.207566782244797,0.0,half_peak,5.28,32.77595261025253,0.0,32.77595261025253,322.40736
2025-04-13 17:00:00,63.4705,18.9078982838032,18.9078982838032,0.0,0.0,28.96569111552792,33.62562068957603,15.596910600668881,0.0,half_peak,5.28,82.3516879715317,0.0,82.3516879715317,335.12424000000004
2025-04-13 18:00:00,69.4693,1.0268692875168,1.0268692875168,0.0,0.0,0.0,33.615620689576026,68.4424307124832,0.0,half_peak,5.28,361.3760341619113,0.0,361.3760341619113,366.797904
2025-04-13 19:00:00,52.6486,0.0,0.0,0.0,0.0,0.0,33.60562068957603,52.6486,0.0,half_peak,5.28,277.98460800000004,0.0,277.98460800000004,277.98460800000004
2025-04-13 20:00:00,51.7421,0.0,0.0,0.0,0.0,14.068211793021609,20.0,37.67388820697839,0.0,peak,7.92,298.3771945992688,0.0,298.3771945992688,409.797432
2025-04-13 21:00:00,50.3916,0.9304600614400002,0.9304600614400002,0.0,0.0,0.0,20.0,49.461139938559995,0.0,peak,7.92,391.7322283133952,0.0,391.7322283133952,399.10147199999994
2025-04-13 22:00:00,49.7677,0.0,0.0,0.0,0.0,0.0,20.0,49.7677,0.0,half_peak,5.28,262.773456,0.0,262.773456,262.773456
2025-04-13 23:00:00,50.9796,0.0,0.0,0.0,19.8,0.0,36.90999999999999,70.7796,0.0,night,2.64,186.858144,0.0,186.858144,134.586144
