timestamp,load_kwh,irradiation_w_m2,temperature_c,tariff_zone,tariff_price_uah_per_kwh,day_ahead_load_forecast_kwh
2025-04-07 00:00:00,56.5722,21.92,4.82,night,2.64,56.20357709854496
2025-04-07 01:00:00,53.9133,15.07,3.95,night,2.64,53.35110583730159
2025-04-07 02:00:00,51.3508,0.0,5.71,night,2.64,55.32618510317455
2025-04-07 03:00:00,53.8462,23.7,5.49,night,2.64,55.62137681117725
2025-04-07 04:00:00,50.6032,6.59,7.32,night,2.64,54.27527547321427
2025-04-07 05:00:00,53.8251,24.44,7.69,night,2.64,57.06234771792328
2025-04-07 06:00:00,75.3787,0.0,8.66,night,2.64,75.1189011934524
2025-04-07 07:00:00,70.5858,145.74,8.14,half_peak,5.28,71.9490489884259
2025-04-07 08:00:00,109.4147,312.23,9.08,peak,7.92,109.26310237698416
2025-04-07 09:00:00,108.4612,393.7,10.05,peak,7.92,105.9323757797619
2025-04-07 10:00:00,100.597,473.36,11.12,peak,7.92,105.85197262301588
2025-04-07 11:00:00,95.8128,587.57,11.5,half_peak,5.28,106.85787851289682
2025-04-07 12:00:00,109.8942,551.27,13.9,half_peak,5.28,107.8279408759921
2025-04-07 13:00:00,104.4657,535.88,13.22,half_peak,5.28,108.85343693253972
2025-04-07 14:00:00,105.1942,503.86,13.07,half_peak,5.28,107.34593859027784
2025-04-07 15:00:00,96.0075,422.57,14.37,half_peak,5.28,108.37359818849208
2025-04-07 16:00:00,108.6406,259.21,11.88,half_peak,5.28,109.25736694841277
2025-04-07 17:00:00,108.697,177.93,9.4,half_peak,5.28,107.87969541898146
2025-04-07 18:00:00,87.0243,3.81,10.76,half_peak,5.28,89.96163251025128
2025-04-07 19:00:00,85.1461,22.06,10.22,half_peak,5.28,88.6210795952381
2025-04-07 20:00:00,81.18090000000001,0.0,6.87,peak,7.92,88.47773337103176
2025-04-07 21:00:00,85.8732,2.85,8.38,peak,7.92,90.50249049801587
2025-04-07 22:00:00,69.0777,0.0,7.18,half_peak,5.28,74.01826276388887
2025-04-07 23:00:00,67.6127,3.34,5.26,night,2.64,75.30141241666665
2025-04-08 00:00:00,50.109899999999996,0.0,4.0,night,2.64,56.97527363591269
2025-04-08 01:00:00,55.2882,0.0,4.05,night,2.64,56.44995896031747
2025-04-08 02:00:00,50.533500000000004,17.52,6.95,night,2.64,56.06835578769843
2025-04-08 03:00:00,52.832,12.36,6.42,night,2.64,56.61108611210318
2025-04-08 04:00:00,52.5479,0.0,5.49,night,2.64,55.41537535912696
2025-04-08 05:00:00,57.5989,0.0,8.67,night,2.64,56.42293355257936
2025-04-08 06:00:00,72.9629,0.22,8.41,night,2.64,74.68632931117729
2025-04-08 07:00:00,75.3289,140.02,9.91,half_peak,5.28,74.27202461649232
2025-04-08 08:00:00,102.38300000000001,279.64,8.7,peak,7.92,106.43566561111116
2025-04-08 09:00:00,111.2163,421.86,10.8,peak,7.92,107.77597103670638
2025-04-08 10:00:00,105.0141,529.62,11.44,peak,7.92,107.1314841130952
2025-04-08 11:00:00,108.5344,539.9,12.32,half_peak,5.28,107.13505683134925
2025-04-08 12:00:00,97.6973,565.5,13.76,half_peak,5.28,107.67909117658724
2025-04-08 13:00:00,109.6952,556.46,14.68,half_peak,5.28,108.87883289186507
2025-04-08 14:00:00,109.6482,527.48,15.23,half_peak,5.28,107.44294487929888
2025-04-08 15:00:00,98.3917,427.59,13.68,half_peak,5.28,105.38327490013234
2025-04-08 16:00:00,104.889,266.26,11.52,half_peak,5.28,109.0073543247354
2025-04-08 17:00:00,107.7449,140.19,11.94,half_peak,5.28,109.38574380654762
2025-04-08 18:00:00,80.3147,26.92,11.75,half_peak,5.28,88.70865115972218
2025-04-08 19:00:00,90.9534,0.0,8.44,half_peak,5.28,88.97639058134922
2025-04-08 20:00:00,77.6985,14.47,10.4,peak,7.92,88.41700126190473
2025-04-08 21:00:00,90.4058,11.46,8.16,peak,7.92,88.95764152182541
2025-04-08 22:00:00,66.6305,18.11,7.24,half_peak,5.28,75.95189374669313
2025-04-08 23:00:00,71.0539,0.0,5.15,night,2.64,72.92025882151874
2025-04-09 00:00:00,54.6527,4.84,6.12,night,2.64,51.89550667890212
2025-04-09 01:00:00,56.5602,17.6,4.01,night,2.64,52.25947475992066
2025-04-09 02:00:00,50.7367,23.37,5.09,night,2.64,52.01975872420636
2025-04-09 03:00:00,53.1529,0.0,7.42,night,2.64,53.21258011706352
2025-04-09 04:00:00,52.0021,0.0,7.16,night,2.64,52.9881055949074
2025-04-09 05:00:00,50.4594,0.0,9.21,night,2.64,51.989815177579366
2025-04-09 06:00:00,68.5693,0.0,7.63,night,2.64,52.14361179166665
2025-04-09 07:00:00,69.3586,161.16,10.65,half_peak,5.28,52.22506261309523
2025-04-09 08:00:00,93.9671,275.26,9.61,peak,7.92,52.76501617956351
2025-04-09 09:00:00,98.22319999999999,441.51,11.57,peak,7.92,71.50250372023807
2025-04-09 10:00:00,106.0202,486.91,10.61,peak,7.92,70.54776782870367
2025-04-09 11:00:00,100.0823,595.44,11.48,half_peak,5.28,71.1334589699074
2025-04-09 12:00:00,100.7216,580.09,13.58,half_peak,5.28,70.30813897982804
2025-04-09 13:00:00,98.7653,553.55,14.56,half_peak,5.28,69.85245305158728
2025-04-09 14:00:00,101.3536,517.0,12.22,half_peak,5.28,70.59454773743387
2025-04-09 15:00:00,96.3108,398.86,14.75,half_peak,5.28,69.49428240079364
2025-04-09 16:00:00,109.2965,293.38,13.82,half_peak,5.28,71.1553462132937
2025-04-09 17:00:00,100.1863,165.4,12.37,half_peak,5.28,69.77928622619048
2025-04-09 18:00:00,83.9206,0.0,9.59,half_peak,5.28,70.83998850198412
2025-04-09 19:00:00,83.4715,0.0,10.6,half_peak,5.28,51.616628954365055
2025-04-09 20:00:00,78.4842,0.0,10.27,peak,7.92,52.51679316236771
2025-04-09 21:00:00,79.345,0.0,5.9,peak,7.92,52.66965179728838
2025-04-09 22:00:00,67.455,0.0,7.61,half_peak,5.28,52.7648032202381
2025-04-09 23:00:00,66.15259999999999,0.0,7.32,night,2.64,52.34342091269841
2025-04-10 00:00:00,53.7692,0.0,6.16,night,2.64,52.93107509424601
2025-04-10 01:00:00,54.9286,6.8,7.94,night,2.64,53.42259941865078
2025-04-10 02:00:00,49.4183,14.08,5.05,night,2.64,53.04305615773811
2025-04-10 03:00:00,54.269999999999996,20.6,7.72,night,2.64,52.8239401550926
2025-04-10 04:00:00,50.421,15.78,7.83,night,2.64,51.911058795634894
2025-04-10 05:00:00,50.0473,0.0,9.47,night,2.64,52.32943949603175
2025-04-10 06:00:00,69.9669,0.0,8.67,night,2.64,52.200202646494695
2025-04-10 07:00:00,67.6687,174.5,10.68,half_peak,5.28,52.4448243095238
2025-04-10 08:00:00,102.7251,297.44,11.82,peak,7.92,53.65934067096562
2025-04-10 09:00:00,100.6413,416.73,13.92,peak,7.92,70.14995581746032
2025-04-10 10:00:00,97.1717,486.98,13.24,peak,7.92,70.43769531349206
2025-04-10 11:00:00,104.85929999999999,598.83,11.96,half_peak,5.28,69.75131831051587
2025-04-10 12:00:00,108.578,595.82,14.91,half_peak,5.28,70.18346298214284
2025-04-10 13:00:00,98.4079,571.72,15.51,half_peak,5.28,72.68383567261904
2025-04-10 14:00:00,97.4914,505.58,14.27,half_peak,5.28,72.79975444940479
2025-04-10 15:00:00,102.9678,406.11,11.74,half_peak,5.28,73.01138350595238
2025-04-10 16:00:00,107.5687,280.53,14.19,half_peak,5.28,72.3981585446429
2025-04-10 17:00:00,107.4049,140.36,11.38,half_peak,5.28,70.89321100264551
2025-04-10 18:00:00,85.6358,2.87,12.06,half_peak,5.28,72.5420161706349
2025-04-10 19:00:00,84.9196,0.0,11.5,half_peak,5.28,51.92148050793651
2025-04-10 20:00:00,85.2938,0.0,7.13,peak,7.92,52.06099229960321
2025-04-10 21:00:00,84.5785,14.17,8.09,peak,7.92,53.08296583134922
2025-04-10 22:00:00,67.9907,0.0,8.18,half_peak,5.28,51.593967839285725
2025-04-10 23:00:00,67.842,7.72,6.65,night,2.64,52.08345255952382
2025-04-11 00:00:00,53.1479,0.0,5.47,night,2.64,55.45233115277775
2025-04-11 01:00:00,52.0013,19.6,5.7,night,2.64,53.62261114880952
2025-04-11 02:00:00,54.5341,21.38,6.32,night,2.64,53.74768111507937
2025-04-11 03:00:00,53.1568,0.0,6.81,night,2.64,54.69700306746032
2025-04-11 04:00:00,50.1097,0.0,5.56,night,2.64,53.3158250813492
2025-04-11 05:00:00,50.278,5.98,6.98,night,2.64,54.00561370436508
2025-04-11 06:00:00,67.0458,0.0,10.38,night,2.64,72.56265509358464
2025-04-11 07:00:00,73.7196,138.8,9.78,half_peak,5.28,72.43298539980157
2025-04-11 08:00:00,93.6179,314.62,10.55,peak,7.92,107.71574661111111
2025-04-11 09:00:00,102.924,436.54,12.83,peak,7.92,107.3179036954365
2025-04-11 10:00:00,101.1076,533.91,11.87,peak,7.92,107.14286728670636
2025-04-11 11:00:00,106.7081,598.6,13.41,half_peak,5.28,107.0766752410714
2025-04-11 12:00:00,102.7741,605.98,15.96,half_peak,5.28,106.29272763690474
2025-04-11 13:00:00,103.4423,555.44,14.11,half_peak,5.28,107.4039337123016
2025-04-11 14:00:00,101.3881,502.97,12.42,half_peak,5.28,109.17662617328044
2025-04-11 15:00:00,106.2439,447.41,14.14,half_peak,5.28,108.63388669444444
2025-04-11 16:00:00,102.3763,281.78,13.06,half_peak,5.28,109.45271190079367
2025-04-11 17:00:00,104.5228,170.82,12.76,half_peak,5.28,110.79829876256622
2025-04-11 18:00:00,76.5285,27.8,9.63,half_peak,5.28,87.62717565939153
2025-04-11 19:00:00,78.6309,0.0,8.91,half_peak,5.28,86.82192180489422
2025-04-11 20:00:00,82.6309,29.45,8.96,peak,7.92,89.22498175396828
2025-04-11 21:00:00,78.0688,0.0,7.4,peak,7.92,88.55804751911974
2025-04-11 22:00:00,71.9445,0.0,7.61,half_peak,5.28,73.65104058035719
2025-04-11 23:00:00,65.01820000000001,0.0,7.26,night,2.64,72.73767390972226
2025-04-12 00:00:00,51.268,0.0,5.63,night,2.64,56.65901320370368
2025-04-12 01:00:00,51.824,0.0,5.49,night,2.64,56.49944450793654
2025-04-12 02:00:00,50.4175,0.0,5.9,night,2.64,54.427166063161366
2025-04-12 03:00:00,49.8067,0.0,8.99,night,2.64,58.118096559523806
2025-04-12 04:00:00,50.8228,0.0,8.26,night,2.64,56.85565577777778
2025-04-12 05:00:00,49.7198,18.21,7.27,night,2.64,61.693437897817454
2025-04-12 06:00:00,53.0803,0.0,10.43,night,2.64,73.702542380291
2025-04-12 07:00:00,50.0201,130.34,11.14,half_peak,5.28,74.13204131382275
2025-04-12 08:00:00,50.3362,278.86,9.8,peak,7.92,109.35506353174604
2025-04-12 09:00:00,70.4091,424.75,10.65,peak,7.92,105.59718918353178
2025-04-12 10:00:00,68.8135,543.13,13.37,peak,7.92,108.64189961607146
2025-04-12 11:00:00,66.6068,604.79,12.32,half_peak,5.28,108.07332316269844
2025-04-12 12:00:00,64.9811,626.71,15.6,half_peak,5.28,109.8727676607143
2025-04-12 13:00:00,61.0386,587.76,14.06,half_peak,5.28,108.65474251289682
2025-04-12 14:00:00,72.1006,515.14,15.97,half_peak,5.28,108.67293822023812
2025-04-12 15:00:00,70.7423,420.02,12.7,half_peak,5.28,108.2497579652778
2025-04-12 16:00:00,67.9544,328.88,11.37,half_peak,5.28,110.0805230744048
2025-04-12 17:00:00,62.5302,132.98,13.82,half_peak,5.28,110.35591315277776
2025-04-12 18:00:00,71.2319,28.42,10.62,half_peak,5.28,87.36687968253968
2025-04-12 19:00:00,51.613,5.83,10.5,half_peak,5.28,88.94169107242062
2025-04-12 20:00:00,52.8769,0.0,10.78,peak,7.92,88.5657872450397
2025-04-12 21:00:00,49.8519,0.0,7.21,peak,7.92,89.26436483134924
2025-04-12 22:00:00,50.4622,21.41,5.89,half_peak,5.28,74.95169704166669
2025-04-12 23:00:00,52.5231,0.0,8.9,night,2.64,72.34844184523809
2025-04-13 00:00:00,52.578,11.18,8.59,night,2.64,56.47204155952383
2025-04-13 01:00:00,50.368,0.0,7.84,night,2.64,55.44250118452381
2025-04-13 02:00:00,53.158,15.61,8.31,night,2.64,57.52348746990743
2025-04-13 03:00:00,50.6963,0.0,5.54,night,2.64,57.20912686375663
2025-04-13 04:00:00,49.6777,0.0,6.67,night,2.64,56.433761781415335
2025-04-13 05:00:00,50.2074,0.0,10.52,night,2.64,56.61998732506613
2025-04-13 06:00:00,50.3533,6.86,8.19,night,2.64,73.32509576455028
2025-04-13 07:00:00,50.3525,131.35,9.05,half_peak,5.28,76.0235790902777
2025-04-13 08:00:00,50.4082,326.83,9.92,peak,7.92,105.73025368650796
2025-04-13 09:00:00,67.7943,415.63,10.8,peak,7.92,107.63940115575396
2025-04-13 10:00:00,66.7413,554.74,11.76,peak,7.92,108.837391514881
2025-04-13 11:00:00,66.0497,590.6,14.99,half_peak,5.28,107.01342560515867
2025-04-13 12:00:00,70.6814,620.93,15.28,half_peak,5.28,106.48418703670632
2025-04-13 13:00:00,68.4496,592.44,13.5,half_peak,5.28,108.3103222648809
2025-04-13 14:00:00,60.77,547.47,16.46,half_peak,5.28,110.13239559722224
2025-04-13 15:00:00,66.6903,461.94,14.19,half_peak,5.28,106.5009225717593
2025-04-13 16:00:00,61.062,326.2,13.27,half_peak,5.28,108.66989506944444
2025-04-13 17:00:00,63.4705,141.17,11.07,half_peak,5.28,109.64577769345242
2025-04-13 18:00:00,69.4693,7.67,11.18,half_peak,5.28,88.47498263888886
2025-04-13 19:00:00,52.6486,0.0,9.58,half_peak,5.28,88.70285214484126
2025-04-13 20:00:00,51.7421,0.0,11.65,peak,7.92,88.63950879563497
2025-04-13 21:00:00,50.391600000000004,6.88,8.5,peak,7.92,87.89666567658729
2025-04-13 22:00:00,49.7677,0.0,9.17,half_peak,5.28,74.05443097321428
2025-04-13 23:00:00,50.9796,0.0,8.15,night,2.64,74.75073469940477
