measured_at,tariff_zone,forecast_kwh,tariff_price_uah_per_kwh,forecast_cost_uah
2026-01-01 00:00:00,night,56.20357709854496,2.64,148.3774435401587
2026-01-01 01:00:00,night,53.35110583730159,2.64,140.8469194104762
2026-01-01 02:00:00,night,55.32618510317455,2.64,146.06112867238082
2026-01-01 03:00:00,night,55.62137681117725,2.64,146.84043478150795
2026-01-01 04:00:00,night,54.27527547321427,2.64,143.2867272492857
2026-01-01 05:00:00,night,57.06234771792328,2.64,150.64459797531748
2026-01-01 06:00:00,night,75.1189011934524,2.64,198.31389915071435
2026-01-01 07:00:00,half_peak,71.9490489884259,5.28,379.8909786588888
2026-01-01 08:00:00,peak,109.26310237698415,7.92,865.3637708257145
2026-01-01 09:00:00,peak,105.9323757797619,7.92,838.9844161757143
2026-01-01 10:00:00,peak,105.85197262301587,7.92,838.3476231742857
2026-01-01 11:00:00,half_peak,106.85787851289682,5.28,564.2095985480952
2026-01-01 12:00:00,half_peak,107.8279408759921,5.28,569.3315278252383
2026-01-01 13:00:00,half_peak,108.85343693253971,5.28,574.7461470038097
2026-01-01 14:00:00,half_peak,107.34593859027783,5.28,566.786555756667
2026-01-01 15:00:00,half_peak,108.37359818849208,5.28,572.2125984352382
2026-01-01 16:00:00,half_peak,109.25736694841275,5.28,576.8788974876194
2026-01-01 17:00:00,half_peak,107.87969541898146,5.28,569.6047918122221
2026-01-01 18:00:00,half_peak,89.96163251025128,5.28,474.99741965412676
2026-01-01 19:00:00,half_peak,88.6210795952381,5.28,467.9193002628572
2026-01-01 20:00:00,peak,88.47773337103176,7.92,700.7436482985715
2026-01-01 21:00:00,peak,90.50249049801589,7.92,716.7797247442858
2026-01-01 22:00:00,half_peak,74.01826276388887,5.28,390.81642739333324
2026-01-01 23:00:00,night,75.30141241666665,2.64,198.79572877999996
2026-01-02 00:00:00,night,56.97527363591269,2.64,150.41472239880952
2026-01-02 01:00:00,night,56.44995896031747,2.64,149.0278916552381
2026-01-02 02:00:00,night,56.06835578769843,2.64,148.02045927952386
2026-01-02 03:00:00,night,56.61108611210318,2.64,149.4532673359524
2026-01-02 04:00:00,night,55.41537535912696,2.64,146.2965909480952
2026-01-02 05:00:00,night,56.42293355257936,2.64,148.9565445788095
2026-01-02 06:00:00,night,74.68632931117729,2.64,197.17190938150804
2026-01-02 07:00:00,half_peak,74.27202461649232,5.28,392.15628997507946
2026-01-02 08:00:00,peak,106.43566561111116,7.92,842.9704716400004
2026-01-02 09:00:00,peak,107.77597103670638,7.92,853.5856906107146
2026-01-02 10:00:00,peak,107.1314841130952,7.92,848.4813541757139
2026-01-02 11:00:00,half_peak,107.13505683134923,5.28,565.673100069524
2026-01-02 12:00:00,half_peak,107.67909117658725,5.28,568.5456014123807
2026-01-02 13:00:00,half_peak,108.87883289186507,5.28,574.8802376690476
2026-01-02 14:00:00,half_peak,107.44294487929889,5.28,567.2987489626981
2026-01-02 15:00:00,half_peak,105.38327490013234,5.28,556.4236914726988
2026-01-02 16:00:00,half_peak,109.00735432473539,5.28,575.5588308346029
2026-01-02 17:00:00,half_peak,109.38574380654762,5.28,577.5567272985714
2026-01-02 18:00:00,half_peak,88.70865115972218,5.28,468.38167812333313
2026-01-02 19:00:00,half_peak,88.97639058134922,5.28,469.7953422695239
2026-01-02 20:00:00,peak,88.41700126190473,7.92,700.2626499942854
2026-01-02 21:00:00,peak,88.95764152182541,7.92,704.5445208528572
2026-01-02 22:00:00,half_peak,75.95189374669313,5.28,401.02599898253976
2026-01-02 23:00:00,night,72.92025882151874,2.64,192.5094832888095
2026-01-03 00:00:00,night,51.89550667890212,2.64,137.00413763230162
2026-01-03 01:00:00,night,52.259474759920664,2.64,137.96501336619056
2026-01-03 02:00:00,night,52.01975872420636,2.64,137.3321630319048
2026-01-03 03:00:00,night,53.21258011706352,2.64,140.48121150904768
2026-01-03 04:00:00,night,52.9881055949074,2.64,139.88859877055555
2026-01-03 05:00:00,night,51.989815177579366,2.64,137.25311206880954
2026-01-03 06:00:00,night,52.14361179166665,2.64,137.65913512999995
2026-01-03 07:00:00,half_peak,52.22506261309523,5.28,275.74833059714285
2026-01-03 08:00:00,peak,52.76501617956351,7.92,417.898928142143
2026-01-03 09:00:00,peak,71.50250372023807,7.92,566.2998294642855
2026-01-03 10:00:00,peak,70.54776782870367,7.92,558.738321203333
2026-01-03 11:00:00,half_peak,71.1334589699074,5.28,375.58466336111104
2026-01-03 12:00:00,half_peak,70.30813897982804,5.28,371.22697381349207
2026-01-03 13:00:00,half_peak,69.85245305158728,5.28,368.82095211238084
2026-01-03 14:00:00,half_peak,70.59454773743387,5.28,372.7392120536509
2026-01-03 15:00:00,half_peak,69.49428240079364,5.28,366.92981107619045
2026-01-03 16:00:00,half_peak,71.1553462132937,5.28,375.70022800619074
2026-01-03 17:00:00,half_peak,69.77928622619048,5.28,368.4346312742857
2026-01-03 18:00:00,half_peak,70.83998850198412,5.28,374.0351392904762
2026-01-03 19:00:00,half_peak,51.616628954365055,5.28,272.5358008790475
2026-01-03 20:00:00,peak,52.51679316236771,7.92,415.9330018459523
2026-01-03 21:00:00,peak,52.66965179728838,7.92,417.14364223452395
2026-01-03 22:00:00,half_peak,52.7648032202381,5.28,278.5981610028572
2026-01-03 23:00:00,night,52.34342091269841,2.64,138.18663120952382
2026-01-04 00:00:00,night,52.93107509424601,2.64,139.7380382488095
2026-01-04 01:00:00,night,53.42259941865078,2.64,141.03566246523806
2026-01-04 02:00:00,night,53.04305615773811,2.64,140.0336682564286
2026-01-04 03:00:00,night,52.8239401550926,2.64,139.45520200944446
2026-01-04 04:00:00,night,51.911058795634894,2.64,137.04519522047613
2026-01-04 05:00:00,night,52.32943949603175,2.64,138.14972026952384
2026-01-04 06:00:00,night,52.200202646494695,2.64,137.808534986746
2026-01-04 07:00:00,half_peak,52.4448243095238,5.28,276.90867235428567
2026-01-04 08:00:00,peak,53.65934067096562,7.92,424.9819781140477
2026-01-04 09:00:00,peak,70.14995581746032,7.92,555.5876500742858
2026-01-04 10:00:00,peak,70.43769531349206,7.92,557.866546882857
2026-01-04 11:00:00,half_peak,69.75131831051587,5.28,368.2869606795238
2026-01-04 12:00:00,half_peak,70.18346298214284,5.28,370.56868454571423
2026-01-04 13:00:00,half_peak,72.68383567261904,5.28,383.77065235142857
2026-01-04 14:00:00,half_peak,72.79975444940479,5.28,384.3827034928573
2026-01-04 15:00:00,half_peak,73.01138350595238,5.28,385.5001049114286
2026-01-04 16:00:00,half_peak,72.3981585446429,5.28,382.26227711571454
2026-01-04 17:00:00,half_peak,70.89321100264551,5.28,374.31615409396835
2026-01-04 18:00:00,half_peak,72.5420161706349,5.28,383.02184538095224
2026-01-04 19:00:00,half_peak,51.92148050793651,5.28,274.1454170819048
2026-01-04 20:00:00,peak,52.06099229960321,7.92,412.3230590128574
2026-01-04 21:00:00,peak,53.08296583134922,7.92,420.4170893842858
2026-01-04 22:00:00,half_peak,51.593967839285725,5.28,272.41615019142864
2026-01-04 23:00:00,night,52.08345255952382,2.64,137.5003147571429
2026-01-05 00:00:00,night,55.45233115277775,2.64,146.39415424333328
2026-01-05 01:00:00,night,53.62261114880952,2.64,141.56369343285712
2026-01-05 02:00:00,night,53.74768111507937,2.64,141.89387814380953
2026-01-05 03:00:00,night,54.697003067460315,2.64,144.40008809809524
2026-01-05 04:00:00,night,53.315825081349196,2.64,140.7537782147619
2026-01-05 05:00:00,night,54.005613704365075,2.64,142.5748201795238
2026-01-05 06:00:00,night,72.56265509358464,2.64,191.56540944706344
2026-01-05 07:00:00,half_peak,72.43298539980157,5.28,382.4461629109523
2026-01-05 08:00:00,peak,107.71574661111111,7.92,853.10871316
2026-01-05 09:00:00,peak,107.3179036954365,7.92,849.957797267857
2026-01-05 10:00:00,peak,107.14286728670635,7.92,848.5715089107142
2026-01-05 11:00:00,half_peak,107.0766752410714,5.28,565.364845272857
2026-01-05 12:00:00,half_peak,106.29272763690474,5.28,561.2256019228571
2026-01-05 13:00:00,half_peak,107.4039337123016,5.28,567.0927700009524
2026-01-05 14:00:00,half_peak,109.17662617328044,5.28,576.4525861949207
2026-01-05 15:00:00,half_peak,108.63388669444444,5.28,573.5869217466667
2026-01-05 16:00:00,half_peak,109.45271190079367,5.28,577.9103188361906
2026-01-05 17:00:00,half_peak,110.79829876256622,5.28,585.0150174663497
2026-01-05 18:00:00,half_peak,87.62717565939153,5.28,462.6714874815873
2026-01-05 19:00:00,half_peak,86.82192180489422,5.28,458.4197471298415
2026-01-05 20:00:00,peak,89.22498175396828,7.92,706.6618554914288
2026-01-05 21:00:00,peak,88.55804751911974,7.92,701.3797363514283
2026-01-05 22:00:00,half_peak,73.65104058035719,5.28,388.877494264286
2026-01-05 23:00:00,night,72.73767390972226,2.64,192.02745912166677
2026-01-06 00:00:00,night,56.65901320370368,2.64,149.57979485777773
2026-01-06 01:00:00,night,56.49944450793654,2.64,149.15853350095247
2026-01-06 02:00:00,night,54.427166063161366,2.64,143.687718406746
2026-01-06 03:00:00,night,58.118096559523806,2.64,153.43177491714286
2026-01-06 04:00:00,night,56.855655777777784,2.64,150.09893125333335
2026-01-06 05:00:00,night,61.693437897817454,2.64,162.87067605023807
2026-01-06 06:00:00,night,73.702542380291,2.64,194.57471188396826
2026-01-06 07:00:00,half_peak,74.13204131382275,5.28,391.41717813698415
2026-01-06 08:00:00,peak,109.35506353174604,7.92,866.0921031714287
2026-01-06 09:00:00,peak,105.59718918353178,7.92,836.3297383335718
2026-01-06 10:00:00,peak,108.64189961607146,7.92,860.4438449592859
2026-01-06 11:00:00,half_peak,108.07332316269843,5.28,570.6271462990477
2026-01-06 12:00:00,half_peak,109.8727676607143,5.28,580.1282132485716
2026-01-06 13:00:00,half_peak,108.65474251289682,5.28,573.6970404680952
2026-01-06 14:00:00,half_peak,108.67293822023811,5.28,573.7931138028572
2026-01-06 15:00:00,half_peak,108.2497579652778,5.28,571.5587220566667
2026-01-06 16:00:00,half_peak,110.0805230744048,5.28,581.2251618328573
2026-01-06 17:00:00,half_peak,110.35591315277775,5.28,582.6792214466665
2026-01-06 18:00:00,half_peak,87.36687968253968,5.28,461.29712472380953
2026-01-06 19:00:00,half_peak,88.94169107242062,5.28,469.6121288623809
2026-01-06 20:00:00,peak,88.5657872450397,7.92,701.4410349807144
2026-01-06 21:00:00,peak,89.26436483134924,7.92,706.973769464286
2026-01-06 22:00:00,half_peak,74.95169704166669,5.28,395.7449603800001
2026-01-06 23:00:00,night,72.34844184523809,2.64,190.99988647142857
2026-01-07 00:00:00,night,56.47204155952383,2.64,149.08618971714293
2026-01-07 01:00:00,night,55.44250118452381,2.64,146.36820312714286
2026-01-07 02:00:00,night,57.52348746990743,2.64,151.86200692055561
2026-01-07 03:00:00,night,57.20912686375663,2.64,151.03209492031752
2026-01-07 04:00:00,night,56.433761781415335,2.64,148.9851311029365
2026-01-07 05:00:00,night,56.61998732506613,2.64,149.4767665381746
2026-01-07 06:00:00,night,73.32509576455028,2.64,193.57825281841275
2026-01-07 07:00:00,half_peak,76.0235790902777,5.28,401.4044975966663
2026-01-07 08:00:00,peak,105.73025368650796,7.92,837.3836091971431
2026-01-07 09:00:00,peak,107.63940115575397,7.92,852.5040571535715
2026-01-07 10:00:00,peak,108.83739151488099,7.92,861.9921407978575
2026-01-07 11:00:00,half_peak,107.01342560515869,5.28,565.0308871952379
2026-01-07 12:00:00,half_peak,106.48418703670633,5.28,562.2365075538095
2026-01-07 13:00:00,half_peak,108.3103222648809,5.28,571.8785015585712
2026-01-07 14:00:00,half_peak,110.13239559722223,5.28,581.4990487533333
2026-01-07 15:00:00,half_peak,106.5009225717593,5.28,562.3248711788891
2026-01-07 16:00:00,half_peak,108.66989506944444,5.28,573.7770459666666
2026-01-07 17:00:00,half_peak,109.64577769345242,5.28,578.9297062214288
2026-01-07 18:00:00,half_peak,88.47498263888886,5.28,467.1479083333332
2026-01-07 19:00:00,half_peak,88.70285214484126,5.28,468.3510593247619
2026-01-07 20:00:00,peak,88.63950879563497,7.92,702.024909661429
2026-01-07 21:00:00,peak,87.89666567658729,7.92,696.1415921585714
2026-01-07 22:00:00,half_peak,74.05443097321428,5.28,391.0073955385714
2026-01-07 23:00:00,night,74.75073469940477,2.64,197.3419396064286
2026-01-08 00:00:00,night,55.19034683267198,2.64,145.70251563825403
2026-01-08 01:00:00,night,54.759887417658746,2.64,144.56610278261908
2026-01-08 02:00:00,night,55.89467090608464,2.64,147.56193119206347
2026-01-08 03:00:00,night,55.44234327182541,2.64,146.36778623761907
2026-01-08 04:00:00,night,56.0362259246032,2.64,147.93563644095246
2026-01-08 05:00:00,night,56.450789487103165,2.64,149.03008424595237
2026-01-08 06:00:00,night,74.35984025595235,2.64,196.3099782757142
2026-01-08 07:00:00,half_peak,74.49907836904762,5.28,393.3551337885715
2026-01-08 08:00:00,peak,108.21525377876989,7.92,857.0648099278575
2026-01-08 09:00:00,peak,108.04014458432542,7.92,855.6779451078573
2026-01-08 10:00:00,peak,106.62910946329366,7.92,844.5025469492858
2026-01-08 11:00:00,half_peak,106.86838245337294,5.28,564.2650593538092
2026-01-08 12:00:00,half_peak,107.26597827017194,5.28,566.3643652665079
2026-01-08 13:00:00,half_peak,108.43974301785715,5.28,572.5618431342858
2026-01-08 14:00:00,half_peak,109.90425342857144,5.28,580.2944581028572
2026-01-08 15:00:00,half_peak,108.92607162003972,5.28,575.1296581538097
2026-01-08 16:00:00,half_peak,108.30517358829364,5.28,571.8513165461904
2026-01-08 17:00:00,half_peak,108.25532954199733,5.28,571.5881399817459
2026-01-08 18:00:00,half_peak,89.70429089054231,5.28,473.6386559020634
2026-01-08 19:00:00,half_peak,87.91527994841272,5.28,464.19267812761916
2026-01-08 20:00:00,peak,88.39225941865081,7.92,700.0666945957144
2026-01-08 21:00:00,peak,89.78180759920633,7.92,711.0719161857141
2026-01-08 22:00:00,half_peak,76.30400464186506,5.28,402.88514450904756
2026-01-08 23:00:00,night,75.59762629861108,2.64,199.57773342833326
2026-01-09 00:00:00,night,55.41432782738098,2.64,146.2938254642858
2026-01-09 01:00:00,night,55.4140633888889,2.64,146.2931273466667
2026-01-09 02:00:00,night,56.09477007705027,2.64,148.0901930034127
2026-01-09 03:00:00,night,55.969891488095236,2.64,147.76051352857144
2026-01-09 04:00:00,night,54.52151697288358,2.64,143.93680480841266
2026-01-09 05:00:00,night,56.173939165674575,2.64,148.29919939738087
2026-01-09 06:00:00,night,73.7592924133598,2.64,194.7245319712699
2026-01-09 07:00:00,half_peak,71.0808698832672,5.28,375.30699298365084
2026-01-09 08:00:00,peak,106.20044334722226,7.92,841.1075113100003
2026-01-09 09:00:00,peak,107.8347995853175,7.92,854.0516127157146
2026-01-09 10:00:00,peak,107.01608749140209,7.92,847.5674129319045
2026-01-09 11:00:00,half_peak,106.83442358333328,5.28,564.0857565199997
2026-01-09 12:00:00,half_peak,107.08267833234126,5.28,565.3965415947619
2026-01-09 13:00:00,half_peak,109.48215934623015,5.28,578.0658013480952
2026-01-09 14:00:00,half_peak,107.86930317493388,5.28,569.5499207636509
2026-01-09 15:00:00,half_peak,105.5082064140212,5.28,557.0833298660319
2026-01-09 16:00:00,half_peak,110.86759216005285,5.28,585.3808866050791
2026-01-09 17:00:00,half_peak,109.42905268154763,5.28,577.7853981585715
2026-01-09 18:00:00,half_peak,88.53683032109788,5.28,467.47446409539685
2026-01-09 19:00:00,half_peak,89.76687848412698,5.28,473.9691183961905
2026-01-09 20:00:00,peak,88.41495211904763,7.92,700.2464207828572
2026-01-09 21:00:00,peak,88.91173527380955,7.92,704.1809433685717
2026-01-09 22:00:00,half_peak,76.31895009325397,5.28,402.964056492381
2026-01-09 23:00:00,night,74.62364316567458,2.64,197.0064179573809
2026-01-10 00:00:00,night,51.770167720568786,2.64,136.6732427823016
2026-01-10 01:00:00,night,51.6207445684524,2.64,136.27876566071436
2026-01-10 02:00:00,night,51.96400270734127,2.64,137.18496714738097
2026-01-10 03:00:00,night,53.28075097817462,2.64,140.661182582381
2026-01-10 04:00:00,night,52.32910092890213,2.64,138.14882645230162
2026-01-10 05:00:00,night,51.68240775992063,2.64,136.44155648619048
2026-01-10 06:00:00,night,51.74852949801584,2.64,136.61611787476184
2026-01-10 07:00:00,half_peak,51.69687637962961,5.28,272.9595072844443
2026-01-10 08:00:00,peak,52.76385625992066,7.92,417.8897415785716
2026-01-10 09:00:00,peak,71.14276592857141,7.92,563.4507061542855
2026-01-10 10:00:00,peak,71.31966365211639,7.92,564.8517361247618
2026-01-10 11:00:00,half_peak,70.73631232804232,5.28,373.48772909206343
2026-01-10 12:00:00,half_peak,69.57433288161376,5.28,367.35247761492064
2026-01-10 13:00:00,half_peak,69.95059280654762,5.28,369.33913001857144
2026-01-10 14:00:00,half_peak,69.98244682506615,5.28,369.5073192363493
2026-01-10 15:00:00,half_peak,70.00746923611109,5.28,369.6394375666666
2026-01-10 16:00:00,half_peak,70.99006956349207,5.28,374.82756729523817
2026-01-10 17:00:00,half_peak,71.67275534292328,5.28,378.4321482106349
2026-01-10 18:00:00,half_peak,72.5357922886905,5.28,382.9889832842859
2026-01-10 19:00:00,half_peak,51.56147924404762,5.28,272.2446104085714
2026-01-10 20:00:00,peak,52.024255279431216,7.92,412.0321018130952
2026-01-10 21:00:00,peak,52.65849406911378,7.92,417.05527302738113
2026-01-10 22:00:00,half_peak,52.798557636904775,5.28,278.7763843228572
2026-01-10 23:00:00,night,51.465388234127,2.64,135.86862493809528
2026-01-11 00:00:00,night,53.52474005753968,2.64,141.30531375190478
2026-01-11 01:00:00,night,53.641323255952365,2.64,141.61309339571426
2026-01-11 02:00:00,night,53.216754297619076,2.64,140.49223134571437
2026-01-11 03:00:00,night,53.03355120833336,2.64,140.00857519000007
2026-01-11 04:00:00,night,51.88052384126983,2.64,136.96458294095234
2026-01-11 05:00:00,night,52.303494904761905,2.64,138.08122654857144
2026-01-11 06:00:00,night,51.625086492724854,2.64,136.29022834079362
2026-01-11 07:00:00,half_peak,52.174566419312164,5.28,275.48171069396824
2026-01-11 08:00:00,peak,53.4630428078704,7.92,423.42729903833356
2026-01-11 09:00:00,peak,72.42792328174603,7.92,573.6291523914285
2026-01-11 10:00:00,peak,72.6669032113095,7.92,575.5218734335713
2026-01-11 11:00:00,half_peak,70.49965060714287,5.28,372.23815520571435
2026-01-11 12:00:00,half_peak,70.29325892361109,5.28,371.1484071166666
2026-01-11 13:00:00,half_peak,70.97039123214286,5.28,374.7236657057143
2026-01-11 14:00:00,half_peak,70.84876015079365,5.28,374.0814535961905
2026-01-11 15:00:00,half_peak,71.77903526388891,5.28,378.99330619333347
2026-01-11 16:00:00,half_peak,72.75074068353179,5.28,384.12391080904786
2026-01-11 17:00:00,half_peak,69.66343994014548,5.28,367.82296288396816
2026-01-11 18:00:00,half_peak,70.3592442824074,5.28,371.4968098111111
2026-01-11 19:00:00,half_peak,51.88144734325398,5.28,273.934041972381
2026-01-11 20:00:00,peak,52.086444591269874,7.92,412.5246411628574
2026-01-11 21:00:00,peak,52.92317989087303,7.92,419.1515847357144
2026-01-11 22:00:00,half_peak,51.64779155952381,5.28,272.70033943428575
2026-01-11 23:00:00,night,52.08254674007939,2.64,137.4979233938096
2026-01-12 00:00:00,night,55.55115593948416,2.64,146.6550516802382
2026-01-12 01:00:00,night,53.64324330753969,2.64,141.61816233190478
2026-01-12 02:00:00,night,54.25624662500002,2.64,143.23649109000004
2026-01-12 03:00:00,night,54.76056219246031,2.64,144.56788418809523
2026-01-12 04:00:00,night,53.650336484126974,2.64,141.63688831809523
2026-01-12 05:00:00,night,53.974381732142845,2.64,142.4923677728571
2026-01-12 06:00:00,night,73.6662774781746,2.64,194.47897254238097
2026-01-12 07:00:00,half_peak,74.11377855456352,5.28,391.3207507680954
2026-01-12 08:00:00,peak,107.07435962797621,7.92,848.0289282535715
2026-01-12 09:00:00,peak,107.46530210019843,7.92,851.1251926335716
2026-01-12 10:00:00,peak,105.825743155754,7.92,838.1398857935717
2026-01-12 11:00:00,half_peak,107.0766752410714,5.28,565.364845272857
2026-01-12 12:00:00,half_peak,107.02809949206343,5.28,565.1083653180949
2026-01-12 13:00:00,half_peak,107.36835307341272,5.28,566.9049042276192
2026-01-12 14:00:00,half_peak,109.48382697189149,5.28,578.0746064115871
2026-01-12 15:00:00,half_peak,108.91779234027777,5.28,575.0859435566666
2026-01-12 16:00:00,half_peak,109.34853103472224,5.28,577.3602438633335
2026-01-12 17:00:00,half_peak,110.87319499074081,5.28,585.4104695511115
2026-01-12 18:00:00,half_peak,88.33650608201059,5.28,466.41675211301595
2026-01-12 19:00:00,half_peak,86.07726373148152,5.28,454.48795250222247
2026-01-12 20:00:00,peak,89.20173449206348,7.92,706.4777371771428
2026-01-12 21:00:00,peak,88.3736749496753,7.92,699.9195056014285
2026-01-12 22:00:00,half_peak,74.76498959788358,5.28,394.75914507682535
2026-01-12 23:00:00,night,74.47297829563492,2.64,196.6086627004762
2026-01-13 00:00:00,night,55.13606678174604,2.64,145.55921630380954
2026-01-13 01:00:00,night,55.43695230158733,2.64,146.35355407619056
2026-01-13 02:00:00,night,54.46541086574074,2.64,143.78868468555558
2026-01-13 03:00:00,night,55.49439663194445,2.64,146.50520710833334
2026-01-13 04:00:00,night,55.76440467824072,2.64,147.21802835055553
2026-01-13 05:00:00,night,55.05055804166667,2.64,145.33347323
2026-01-13 06:00:00,night,74.85770932151877,2.64,197.62435260880955
2026-01-13 07:00:00,half_peak,75.15568341236774,5.28,396.8220084173017
2026-01-13 08:00:00,peak,109.71665844742064,7.92,868.9559349035715
2026-01-13 09:00:00,peak,106.32742090178573,7.92,842.1131735421429
2026-01-13 10:00:00,peak,108.21919748115083,7.92,857.0960440507146
2026-01-13 11:00:00,half_peak,108.58841531150793,5.28,573.3468328447619
2026-01-13 12:00:00,half_peak,110.30705758333335,5.28,582.4212640400001
2026-01-13 13:00:00,half_peak,108.31817164781741,5.28,571.9199463004759
2026-01-13 14:00:00,half_peak,110.43206069444447,5.28,583.0812804666668
2026-01-13 15:00:00,half_peak,109.60297186408737,5.28,578.7036914423813
2026-01-13 16:00:00,half_peak,109.51559456250003,5.28,578.2423392900001
2026-01-13 17:00:00,half_peak,110.25847959722218,5.28,582.1647722733331
2026-01-13 18:00:00,half_peak,87.60450065575398,5.28,462.551763462381
2026-01-13 19:00:00,half_peak,88.9201795188492,5.28,469.4985478595238
2026-01-13 20:00:00,peak,88.74005693948416,7.92,702.8212509607146
2026-01-13 21:00:00,peak,88.9710836607143,7.92,704.6509825928572
2026-01-13 22:00:00,half_peak,75.0332024126984,5.28,396.1753087390476
2026-01-13 23:00:00,night,74.15283788789682,2.64,195.76349202404762
2026-01-14 00:00:00,night,55.5495051498016,2.64,146.6506935954762
2026-01-14 01:00:00,night,55.47924153174604,2.64,146.46519764380955
2026-01-14 02:00:00,night,56.32818847685186,2.64,148.7064175788889
2026-01-14 03:00:00,night,56.11078745138888,2.64,148.13247887166665
2026-01-14 04:00:00,night,56.62222745734127,2.64,149.48268048738095
2026-01-14 05:00:00,night,55.81969156481481,2.64,147.36398573111111
2026-01-14 06:00:00,night,73.43183826554235,2.64,193.86005302103183
2026-01-14 07:00:00,half_peak,71.80120730357139,5.28,379.110374562857
2026-01-14 08:00:00,peak,105.85256370039684,7.92,838.352304507143
2026-01-14 09:00:00,peak,108.03878241071429,7.92,855.6671566928571
2026-01-14 10:00:00,peak,109.19824987599213,7.92,864.8501390178577
2026-01-14 11:00:00,half_peak,107.62213860317456,5.28,568.2448918247617
2026-01-14 12:00:00,half_peak,107.05363504464286,5.28,565.2431930357143
2026-01-14 13:00:00,half_peak,107.53855249900786,5.28,567.8035571947615
2026-01-14 14:00:00,half_peak,110.30655484920635,5.28,582.4186096038095
2026-01-14 15:00:00,half_peak,106.47639048842598,5.28,562.1953417788892
2026-01-14 16:00:00,half_peak,108.69257006944443,5.28,573.8967699666666
2026-01-14 17:00:00,half_peak,109.29560952678574,5.28,577.0808183014287
2026-01-14 18:00:00,half_peak,89.86590210317462,5.28,474.491963104762
2026-01-14 19:00:00,half_peak,88.69638517261905,5.28,468.3169137114286
2026-01-14 20:00:00,peak,87.68756092658734,7.92,694.4854825385717
2026-01-14 21:00:00,peak,86.9100346011905,7.92,688.3274740414288
2026-01-14 22:00:00,half_peak,74.97939714947091,5.28,395.8912169492064
2026-01-14 23:00:00,night,74.45255420304234,2.64,196.55474309603179
2026-01-15 00:00:00,night,55.19034683267198,2.64,145.70251563825403
2026-01-15 01:00:00,night,54.759887417658746,2.64,144.56610278261908
2026-01-15 02:00:00,night,55.89467090608464,2.64,147.56193119206347
2026-01-15 03:00:00,night,55.44234327182541,2.64,146.36778623761907
2026-01-15 04:00:00,night,56.0362259246032,2.64,147.93563644095246
2026-01-15 05:00:00,night,56.450789487103165,2.64,149.03008424595237
2026-01-15 06:00:00,night,74.35984025595235,2.64,196.3099782757142
2026-01-15 07:00:00,half_peak,74.49907836904762,5.28,393.3551337885715
2026-01-15 08:00:00,peak,108.21525377876989,7.92,857.0648099278575
2026-01-15 09:00:00,peak,108.04014458432542,7.92,855.6779451078573
2026-01-15 10:00:00,peak,106.62910946329366,7.92,844.5025469492858
2026-01-15 11:00:00,half_peak,106.86838245337294,5.28,564.2650593538092
2026-01-15 12:00:00,half_peak,107.26597827017194,5.28,566.3643652665079
2026-01-15 13:00:00,half_peak,108.43974301785715,5.28,572.5618431342858
2026-01-15 14:00:00,half_peak,109.90425342857144,5.28,580.2944581028572
2026-01-15 15:00:00,half_peak,108.92607162003972,5.28,575.1296581538097
2026-01-15 16:00:00,half_peak,108.30517358829364,5.28,571.8513165461904
2026-01-15 17:00:00,half_peak,108.25532954199733,5.28,571.5881399817459
2026-01-15 18:00:00,half_peak,89.70429089054231,5.28,473.6386559020634
2026-01-15 19:00:00,half_peak,87.91527994841272,5.28,464.19267812761916
2026-01-15 20:00:00,peak,88.39225941865081,7.92,700.0666945957144
2026-01-15 21:00:00,peak,89.78180759920633,7.92,711.0719161857141
2026-01-15 22:00:00,half_peak,76.30400464186506,5.28,402.88514450904756
2026-01-15 23:00:00,night,75.59762629861108,2.64,199.57773342833326
2026-01-16 00:00:00,night,55.41432782738098,2.64,146.2938254642858
2026-01-16 01:00:00,night,55.4140633888889,2.64,146.2931273466667
2026-01-16 02:00:00,night,56.09477007705027,2.64,148.0901930034127
2026-01-16 03:00:00,night,55.969891488095236,2.64,147.76051352857144
2026-01-16 04:00:00,night,54.52151697288358,2.64,143.93680480841266
2026-01-16 05:00:00,night,56.173939165674575,2.64,148.29919939738087
2026-01-16 06:00:00,night,73.7592924133598,2.64,194.7245319712699
2026-01-16 07:00:00,half_peak,71.0808698832672,5.28,375.30699298365084
2026-01-16 08:00:00,peak,106.20044334722226,7.92,841.1075113100003
2026-01-16 09:00:00,peak,107.8347995853175,7.92,854.0516127157146
2026-01-16 10:00:00,peak,107.01608749140209,7.92,847.5674129319045
2026-01-16 11:00:00,half_peak,106.83442358333328,5.28,564.0857565199997
2026-01-16 12:00:00,half_peak,107.08267833234126,5.28,565.3965415947619
2026-01-16 13:00:00,half_peak,109.48215934623015,5.28,578.0658013480952
2026-01-16 14:00:00,half_peak,107.86930317493388,5.28,569.5499207636509
2026-01-16 15:00:00,half_peak,105.5082064140212,5.28,557.0833298660319
2026-01-16 16:00:00,half_peak,110.86759216005285,5.28,585.3808866050791
2026-01-16 17:00:00,half_peak,109.42905268154763,5.28,577.7853981585715
2026-01-16 18:00:00,half_peak,88.53683032109788,5.28,467.47446409539685
2026-01-16 19:00:00,half_peak,89.76687848412698,5.28,473.9691183961905
2026-01-16 20:00:00,peak,88.41495211904763,7.92,700.2464207828572
2026-01-16 21:00:00,peak,88.91173527380955,7.92,704.1809433685717
2026-01-16 22:00:00,half_peak,76.31895009325397,5.28,402.964056492381
2026-01-16 23:00:00,night,74.62364316567458,2.64,197.0064179573809
2026-01-17 00:00:00,night,51.770167720568786,2.64,136.6732427823016
2026-01-17 01:00:00,night,51.6207445684524,2.64,136.27876566071436
2026-01-17 02:00:00,night,51.96400270734127,2.64,137.18496714738097
2026-01-17 03:00:00,night,53.28075097817462,2.64,140.661182582381
2026-01-17 04:00:00,night,52.32910092890213,2.64,138.14882645230162
2026-01-17 05:00:00,night,51.68240775992063,2.64,136.44155648619048
2026-01-17 06:00:00,night,51.74852949801584,2.64,136.61611787476184
2026-01-17 07:00:00,half_peak,51.69687637962961,5.28,272.9595072844443
2026-01-17 08:00:00,peak,52.76385625992066,7.92,417.8897415785716
2026-01-17 09:00:00,peak,71.14276592857141,7.92,563.4507061542855
2026-01-17 10:00:00,peak,71.31966365211639,7.92,564.8517361247618
2026-01-17 11:00:00,half_peak,70.73631232804232,5.28,373.48772909206343
2026-01-17 12:00:00,half_peak,69.57433288161376,5.28,367.35247761492064
2026-01-17 13:00:00,half_peak,69.95059280654762,5.28,369.33913001857144
2026-01-17 14:00:00,half_peak,69.98244682506615,5.28,369.5073192363493
2026-01-17 15:00:00,half_peak,70.00746923611109,5.28,369.6394375666666
2026-01-17 16:00:00,half_peak,70.99006956349207,5.28,374.82756729523817
2026-01-17 17:00:00,half_peak,71.67275534292328,5.28,378.4321482106349
2026-01-17 18:00:00,half_peak,72.5357922886905,5.28,382.9889832842859
2026-01-17 19:00:00,half_peak,51.56147924404762,5.28,272.2446104085714
2026-01-17 20:00:00,peak,52.024255279431216,7.92,412.0321018130952
2026-01-17 21:00:00,peak,52.65849406911378,7.92,417.05527302738113
2026-01-17 22:00:00,half_peak,52.798557636904775,5.28,278.7763843228572
2026-01-17 23:00:00,night,51.465388234127,2.64,135.86862493809528
2026-01-18 00:00:00,night,53.52474005753968,2.64,141.30531375190478
2026-01-18 01:00:00,night,53.641323255952365,2.64,141.61309339571426
2026-01-18 02:00:00,night,53.216754297619076,2.64,140.49223134571437
2026-01-18 03:00:00,night,53.03355120833336,2.64,140.00857519000007
2026-01-18 04:00:00,night,51.88052384126983,2.64,136.96458294095234
2026-01-18 05:00:00,night,52.303494904761905,2.64,138.08122654857144
2026-01-18 06:00:00,night,51.625086492724854,2.64,136.29022834079362
2026-01-18 07:00:00,half_peak,52.174566419312164,5.28,275.48171069396824
2026-01-18 08:00:00,peak,53.4630428078704,7.92,423.42729903833356
2026-01-18 09:00:00,peak,72.42792328174603,7.92,573.6291523914285
2026-01-18 10:00:00,peak,72.6669032113095,7.92,575.5218734335713
2026-01-18 11:00:00,half_peak,70.49965060714287,5.28,372.23815520571435
2026-01-18 12:00:00,half_peak,70.29325892361109,5.28,371.1484071166666
2026-01-18 13:00:00,half_peak,70.97039123214286,5.28,374.7236657057143
2026-01-18 14:00:00,half_peak,70.84876015079365,5.28,374.0814535961905
2026-01-18 15:00:00,half_peak,71.77903526388891,5.28,378.99330619333347
2026-01-18 16:00:00,half_peak,72.75074068353179,5.28,384.12391080904786
2026-01-18 17:00:00,half_peak,69.66343994014548,5.28,367.82296288396816
2026-01-18 18:00:00,half_peak,70.3592442824074,5.28,371.4968098111111
2026-01-18 19:00:00,half_peak,51.88144734325398,5.28,273.934041972381
2026-01-18 20:00:00,peak,52.086444591269874,7.92,412.5246411628574
2026-01-18 21:00:00,peak,52.92317989087303,7.92,419.1515847357144
2026-01-18 22:00:00,half_peak,51.64779155952381,5.28,272.70033943428575
2026-01-18 23:00:00,night,52.08254674007939,2.64,137.4979233938096
2026-01-19 00:00:00,night,55.55115593948416,2.64,146.6550516802382
2026-01-19 01:00:00,night,53.64324330753969,2.64,141.61816233190478
2026-01-19 02:00:00,night,54.25624662500002,2.64,143.23649109000004
2026-01-19 03:00:00,night,54.76056219246031,2.64,144.56788418809523
2026-01-19 04:00:00,night,53.650336484126974,2.64,141.63688831809523
2026-01-19 05:00:00,night,53.974381732142845,2.64,142.4923677728571
2026-01-19 06:00:00,night,73.6662774781746,2.64,194.47897254238097
2026-01-19 07:00:00,half_peak,74.11377855456352,5.28,391.3207507680954
2026-01-19 08:00:00,peak,107.07435962797621,7.92,848.0289282535715
2026-01-19 09:00:00,peak,107.46530210019843,7.92,851.1251926335716
2026-01-19 10:00:00,peak,105.825743155754,7.92,838.1398857935717
2026-01-19 11:00:00,half_peak,107.0766752410714,5.28,565.364845272857
2026-01-19 12:00:00,half_peak,107.02809949206343,5.28,565.1083653180949
2026-01-19 13:00:00,half_peak,107.36835307341272,5.28,566.9049042276192
2026-01-19 14:00:00,half_peak,109.48382697189149,5.28,578.0746064115871
2026-01-19 15:00:00,half_peak,108.91779234027777,5.28,575.0859435566666
2026-01-19 16:00:00,half_peak,109.34853103472224,5.28,577.3602438633335
2026-01-19 17:00:00,half_peak,110.87319499074081,5.28,585.4104695511115
2026-01-19 18:00:00,half_peak,88.33650608201059,5.28,466.41675211301595
2026-01-19 19:00:00,half_peak,86.07726373148152,5.28,454.48795250222247
2026-01-19 20:00:00,peak,89.20173449206348,7.92,706.4777371771428
2026-01-19 21:00:00,peak,88.3736749496753,7.92,699.9195056014285
2026-01-19 22:00:00,half_peak,74.76498959788358,5.28,394.75914507682535
2026-01-19 23:00:00,night,74.47297829563492,2.64,196.6086627004762
2026-01-20 00:00:00,night,55.13606678174604,2.64,145.55921630380954
2026-01-20 01:00:00,night,55.43695230158733,2.64,146.35355407619056
2026-01-20 02:00:00,night,54.46541086574074,2.64,143.78868468555558
2026-01-20 03:00:00,night,55.49439663194445,2.64,146.50520710833334
2026-01-20 04:00:00,night,55.76440467824072,2.64,147.21802835055553
2026-01-20 05:00:00,night,55.05055804166667,2.64,145.33347323
2026-01-20 06:00:00,night,74.85770932151877,2.64,197.62435260880955
2026-01-20 07:00:00,half_peak,75.15568341236774,5.28,396.8220084173017
2026-01-20 08:00:00,peak,109.71665844742064,7.92,868.9559349035715
2026-01-20 09:00:00,peak,106.32742090178573,7.92,842.1131735421429
2026-01-20 10:00:00,peak,108.21919748115083,7.92,857.0960440507146
2026-01-20 11:00:00,half_peak,108.58841531150793,5.28,573.3468328447619
2026-01-20 12:00:00,half_peak,110.30705758333335,5.28,582.4212640400001
2026-01-20 13:00:00,half_peak,108.31817164781741,5.28,571.9199463004759
2026-01-20 14:00:00,half_peak,110.43206069444447,5.28,583.0812804666668
2026-01-20 15:00:00,half_peak,109.60297186408737,5.28,578.7036914423813
2026-01-20 16:00:00,half_peak,109.51559456250003,5.28,578.2423392900001
2026-01-20 17:00:00,half_peak,110.25847959722218,5.28,582.1647722733331
2026-01-20 18:00:00,half_peak,87.60450065575398,5.28,462.551763462381
2026-01-20 19:00:00,half_peak,88.9201795188492,5.28,469.4985478595238
2026-01-20 20:00:00,peak,88.74005693948416,7.92,702.8212509607146
2026-01-20 21:00:00,peak,88.9710836607143,7.92,704.6509825928572
2026-01-20 22:00:00,half_peak,75.0332024126984,5.28,396.1753087390476
2026-01-20 23:00:00,night,74.15283788789682,2.64,195.76349202404762
2026-01-21 00:00:00,night,55.5495051498016,2.64,146.6506935954762
2026-01-21 01:00:00,night,55.47924153174604,2.64,146.46519764380955
2026-01-21 02:00:00,night,56.32818847685186,2.64,148.7064175788889
2026-01-21 03:00:00,night,56.11078745138888,2.64,148.13247887166665
2026-01-21 04:00:00,night,56.62222745734127,2.64,149.48268048738095
2026-01-21 05:00:00,night,55.81969156481481,2.64,147.36398573111111
2026-01-21 06:00:00,night,73.43183826554235,2.64,193.86005302103183
2026-01-21 07:00:00,half_peak,71.80120730357139,5.28,379.110374562857
2026-01-21 08:00:00,peak,105.85256370039684,7.92,838.352304507143
2026-01-21 09:00:00,peak,108.03878241071429,7.92,855.6671566928571
2026-01-21 10:00:00,peak,109.19824987599213,7.92,864.8501390178577
2026-01-21 11:00:00,half_peak,107.62213860317456,5.28,568.2448918247617
2026-01-21 12:00:00,half_peak,107.05363504464286,5.28,565.2431930357143
2026-01-21 13:00:00,half_peak,107.53855249900786,5.28,567.8035571947615
2026-01-21 14:00:00,half_peak,110.30655484920635,5.28,582.4186096038095
2026-01-21 15:00:00,half_peak,106.47639048842598,5.28,562.1953417788892
2026-01-21 16:00:00,half_peak,108.69257006944443,5.28,573.8967699666666
2026-01-21 17:00:00,half_peak,109.29560952678574,5.28,577.0808183014287
2026-01-21 18:00:00,half_peak,89.86590210317462,5.28,474.491963104762
2026-01-21 19:00:00,half_peak,88.69638517261905,5.28,468.3169137114286
2026-01-21 20:00:00,peak,87.68756092658734,7.92,694.4854825385717
2026-01-21 21:00:00,peak,86.9100346011905,7.92,688.3274740414288
2026-01-21 22:00:00,half_peak,74.97939714947091,5.28,395.8912169492064
2026-01-21 23:00:00,night,74.45255420304234,2.64,196.55474309603179
2026-01-22 00:00:00,night,55.19034683267198,2.64,145.70251563825403
2026-01-22 01:00:00,night,54.759887417658746,2.64,144.56610278261908
2026-01-22 02:00:00,night,55.89467090608464,2.64,147.56193119206347
2026-01-22 03:00:00,night,55.44234327182541,2.64,146.36778623761907
2026-01-22 04:00:00,night,56.0362259246032,2.64,147.93563644095246
2026-01-22 05:00:00,night,56.450789487103165,2.64,149.03008424595237
2026-01-22 06:00:00,night,74.35984025595235,2.64,196.3099782757142
2026-01-22 07:00:00,half_peak,74.49907836904762,5.28,393.3551337885715
2026-01-22 08:00:00,peak,108.21525377876989,7.92,857.0648099278575
2026-01-22 09:00:00,peak,108.04014458432542,7.92,855.6779451078573
2026-01-22 10:00:00,peak,106.62910946329366,7.92,844.5025469492858
2026-01-22 11:00:00,half_peak,106.86838245337294,5.28,564.2650593538092
2026-01-22 12:00:00,half_peak,107.26597827017194,5.28,566.3643652665079
2026-01-22 13:00:00,half_peak,108.43974301785715,5.28,572.5618431342858
2026-01-22 14:00:00,half_peak,109.90425342857144,5.28,580.2944581028572
2026-01-22 15:00:00,half_peak,108.92607162003972,5.28,575.1296581538097
2026-01-22 16:00:00,half_peak,108.30517358829364,5.28,571.8513165461904
2026-01-22 17:00:00,half_peak,108.25532954199733,5.28,571.5881399817459
2026-01-22 18:00:00,half_peak,89.70429089054231,5.28,473.6386559020634
2026-01-22 19:00:00,half_peak,87.91527994841272,5.28,464.19267812761916
2026-01-22 20:00:00,peak,88.39225941865081,7.92,700.0666945957144
2026-01-22 21:00:00,peak,89.78180759920633,7.92,711.0719161857141
2026-01-22 22:00:00,half_peak,76.30400464186506,5.28,402.88514450904756
2026-01-22 23:00:00,night,75.59762629861108,2.64,199.57773342833326
2026-01-23 00:00:00,night,55.41432782738098,2.64,146.2938254642858
2026-01-23 01:00:00,night,55.4140633888889,2.64,146.2931273466667
2026-01-23 02:00:00,night,56.09477007705027,2.64,148.0901930034127
2026-01-23 03:00:00,night,55.969891488095236,2.64,147.76051352857144
2026-01-23 04:00:00,night,54.52151697288358,2.64,143.93680480841266
2026-01-23 05:00:00,night,56.173939165674575,2.64,148.29919939738087
2026-01-23 06:00:00,night,73.7592924133598,2.64,194.7245319712699
2026-01-23 07:00:00,half_peak,71.0808698832672,5.28,375.30699298365084
2026-01-23 08:00:00,peak,106.20044334722226,7.92,841.1075113100003
2026-01-23 09:00:00,peak,107.8347995853175,7.92,854.0516127157146
2026-01-23 10:00:00,peak,107.01608749140209,7.92,847.5674129319045
2026-01-23 11:00:00,half_peak,106.83442358333328,5.28,564.0857565199997
2026-01-23 12:00:00,half_peak,107.08267833234126,5.28,565.3965415947619
2026-01-23 13:00:00,half_peak,109.48215934623015,5.28,578.0658013480952
2026-01-23 14:00:00,half_peak,107.86930317493388,5.28,569.5499207636509
2026-01-23 15:00:00,half_peak,105.5082064140212,5.28,557.0833298660319
2026-01-23 16:00:00,half_peak,110.86759216005285,5.28,585.3808866050791
2026-01-23 17:00:00,half_peak,109.42905268154763,5.28,577.7853981585715
2026-01-23 18:00:00,half_peak,88.53683032109788,5.28,467.47446409539685
2026-01-23 19:00:00,half_peak,89.76687848412698,5.28,473.9691183961905
2026-01-23 20:00:00,peak,88.41495211904763,7.92,700.2464207828572
2026-01-23 21:00:00,peak,88.91173527380955,7.92,704.1809433685717
2026-01-23 22:00:00,half_peak,76.31895009325397,5.28,402.964056492381
2026-01-23 23:00:00,night,74.62364316567458,2.64,197.0064179573809
2026-01-24 00:00:00,night,51.770167720568786,2.64,136.6732427823016
2026-01-24 01:00:00,night,51.6207445684524,2.64,136.27876566071436
2026-01-24 02:00:00,night,51.96400270734127,2.64,137.18496714738097
2026-01-24 03:00:00,night,53.28075097817462,2.64,140.661182582381
2026-01-24 04:00:00,night,52.32910092890213,2.64,138.14882645230162
2026-01-24 05:00:00,night,51.68240775992063,2.64,136.44155648619048
2026-01-24 06:00:00,night,51.74852949801584,2.64,136.61611787476184
2026-01-24 07:00:00,half_peak,51.69687637962961,5.28,272.9595072844443
2026-01-24 08:00:00,peak,52.76385625992066,7.92,417.8897415785716
2026-01-24 09:00:00,peak,71.14276592857141,7.92,563.4507061542855
2026-01-24 10:00:00,peak,71.31966365211639,7.92,564.8517361247618
2026-01-24 11:00:00,half_peak,70.73631232804232,5.28,373.48772909206343
2026-01-24 12:00:00,half_peak,69.57433288161376,5.28,367.35247761492064
2026-01-24 13:00:00,half_peak,69.95059280654762,5.28,369.33913001857144
2026-01-24 14:00:00,half_peak,69.98244682506615,5.28,369.5073192363493
2026-01-24 15:00:00,half_peak,70.00746923611109,5.28,369.6394375666666
2026-01-24 16:00:00,half_peak,70.99006956349207,5.28,374.82756729523817
2026-01-24 17:00:00,half_peak,71.67275534292328,5.28,378.4321482106349
2026-01-24 18:00:00,half_peak,72.5357922886905,5.28,382.9889832842859
2026-01-24 19:00:00,half_peak,51.56147924404762,5.28,272.2446104085714
2026-01-24 20:00:00,peak,52.024255279431216,7.92,412.0321018130952
2026-01-24 21:00:00,peak,52.65849406911378,7.92,417.05527302738113
2026-01-24 22:00:00,half_peak,52.798557636904775,5.28,278.7763843228572
2026-01-24 23:00:00,night,51.465388234127,2.64,135.86862493809528
2026-01-25 00:00:00,night,53.52474005753968,2.64,141.30531375190478
2026-01-25 01:00:00,night,53.641323255952365,2.64,141.61309339571426
2026-01-25 02:00:00,night,53.216754297619076,2.64,140.49223134571437
2026-01-25 03:00:00,night,53.03355120833336,2.64,140.00857519000007
2026-01-25 04:00:00,night,51.88052384126983,2.64,136.96458294095234
2026-01-25 05:00:00,night,52.303494904761905,2.64,138.08122654857144
2026-01-25 06:00:00,night,51.625086492724854,2.64,136.29022834079362
2026-01-25 07:00:00,half_peak,52.174566419312164,5.28,275.48171069396824
2026-01-25 08:00:00,peak,53.4630428078704,7.92,423.42729903833356
2026-01-25 09:00:00,peak,72.42792328174603,7.92,573.6291523914285
2026-01-25 10:00:00,peak,72.6669032113095,7.92,575.5218734335713
2026-01-25 11:00:00,half_peak,70.49965060714287,5.28,372.23815520571435
2026-01-25 12:00:00,half_peak,70.29325892361109,5.28,371.1484071166666
2026-01-25 13:00:00,half_peak,70.97039123214286,5.28,374.7236657057143
2026-01-25 14:00:00,half_peak,70.84876015079365,5.28,374.0814535961905
2026-01-25 15:00:00,half_peak,71.77903526388891,5.28,378.99330619333347
2026-01-25 16:00:00,half_peak,72.75074068353179,5.28,384.12391080904786
2026-01-25 17:00:00,half_peak,69.66343994014548,5.28,367.82296288396816
2026-01-25 18:00:00,half_peak,70.3592442824074,5.28,371.4968098111111
2026-01-25 19:00:00,half_peak,51.88144734325398,5.28,273.934041972381
2026-01-25 20:00:00,peak,52.086444591269874,7.92,412.5246411628574
2026-01-25 21:00:00,peak,52.92317989087303,7.92,419.1515847357144
2026-01-25 22:00:00,half_peak,51.64779155952381,5.28,272.70033943428575
2026-01-25 23:00:00,night,52.08254674007939,2.64,137.4979233938096
2026-01-26 00:00:00,night,55.55115593948416,2.64,146.6550516802382
2026-01-26 01:00:00,night,53.64324330753969,2.64,141.61816233190478
2026-01-26 02:00:00,night,54.25624662500002,2.64,143.23649109000004
2026-01-26 03:00:00,night,54.76056219246031,2.64,144.56788418809523
2026-01-26 04:00:00,night,53.650336484126974,2.64,141.63688831809523
2026-01-26 05:00:00,night,53.974381732142845,2.64,142.4923677728571
2026-01-26 06:00:00,night,73.6662774781746,2.64,194.47897254238097
2026-01-26 07:00:00,half_peak,74.11377855456352,5.28,391.3207507680954
2026-01-26 08:00:00,peak,107.07435962797621,7.92,848.0289282535715
2026-01-26 09:00:00,peak,107.46530210019843,7.92,851.1251926335716
2026-01-26 10:00:00,peak,105.825743155754,7.92,838.1398857935717
2026-01-26 11:00:00,half_peak,107.0766752410714,5.28,565.364845272857
2026-01-26 12:00:00,half_peak,107.02809949206343,5.28,565.1083653180949
2026-01-26 13:00:00,half_peak,107.36835307341272,5.28,566.9049042276192
2026-01-26 14:00:00,half_peak,109.48382697189149,5.28,578.0746064115871
2026-01-26 15:00:00,half_peak,108.91779234027777,5.28,575.0859435566666
2026-01-26 16:00:00,half_peak,109.34853103472224,5.28,577.3602438633335
2026-01-26 17:00:00,half_peak,110.87319499074081,5.28,585.4104695511115
2026-01-26 18:00:00,half_peak,88.33650608201059,5.28,466.41675211301595
2026-01-26 19:00:00,half_peak,86.07726373148152,5.28,454.48795250222247
2026-01-26 20:00:00,peak,89.20173449206348,7.92,706.4777371771428
2026-01-26 21:00:00,peak,88.3736749496753,7.92,699.9195056014285
2026-01-26 22:00:00,half_peak,74.76498959788358,5.28,394.75914507682535
2026-01-26 23:00:00,night,74.47297829563492,2.64,196.6086627004762
2026-01-27 00:00:00,night,55.13606678174604,2.64,145.55921630380954
2026-01-27 01:00:00,night,55.43695230158733,2.64,146.35355407619056
2026-01-27 02:00:00,night,54.46541086574074,2.64,143.78868468555558
2026-01-27 03:00:00,night,55.49439663194445,2.64,146.50520710833334
2026-01-27 04:00:00,night,55.76440467824072,2.64,147.21802835055553
2026-01-27 05:00:00,night,55.05055804166667,2.64,145.33347323
2026-01-27 06:00:00,night,74.85770932151877,2.64,197.62435260880955
2026-01-27 07:00:00,half_peak,75.15568341236774,5.28,396.8220084173017
2026-01-27 08:00:00,peak,109.71665844742064,7.92,868.9559349035715
2026-01-27 09:00:00,peak,106.32742090178573,7.92,842.1131735421429
2026-01-27 10:00:00,peak,108.21919748115083,7.92,857.0960440507146
2026-01-27 11:00:00,half_peak,108.58841531150793,5.28,573.3468328447619
2026-01-27 12:00:00,half_peak,110.30705758333335,5.28,582.4212640400001
2026-01-27 13:00:00,half_peak,108.31817164781741,5.28,571.9199463004759
2026-01-27 14:00:00,half_peak,110.43206069444447,5.28,583.0812804666668
2026-01-27 15:00:00,half_peak,109.60297186408737,5.28,578.7036914423813
2026-01-27 16:00:00,half_peak,109.51559456250003,5.28,578.2423392900001
2026-01-27 17:00:00,half_peak,110.25847959722218,5.28,582.1647722733331
2026-01-27 18:00:00,half_peak,87.60450065575398,5.28,462.551763462381
2026-01-27 19:00:00,half_peak,88.9201795188492,5.28,469.4985478595238
2026-01-27 20:00:00,peak,88.74005693948416,7.92,702.8212509607146
2026-01-27 21:00:00,peak,88.9710836607143,7.92,704.6509825928572
2026-01-27 22:00:00,half_peak,75.0332024126984,5.28,396.1753087390476
2026-01-27 23:00:00,night,74.15283788789682,2.64,195.76349202404762
2026-01-28 00:00:00,night,55.5495051498016,2.64,146.6506935954762
2026-01-28 01:00:00,night,55.47924153174604,2.64,146.46519764380955
2026-01-28 02:00:00,night,56.32818847685186,2.64,148.7064175788889
2026-01-28 03:00:00,night,56.11078745138888,2.64,148.13247887166665
2026-01-28 04:00:00,night,56.62222745734127,2.64,149.48268048738095
2026-01-28 05:00:00,night,55.81969156481481,2.64,147.36398573111111
2026-01-28 06:00:00,night,73.43183826554235,2.64,193.86005302103183
2026-01-28 07:00:00,half_peak,71.80120730357139,5.28,379.110374562857
2026-01-28 08:00:00,peak,105.85256370039684,7.92,838.352304507143
2026-01-28 09:00:00,peak,108.03878241071429,7.92,855.6671566928571
2026-01-28 10:00:00,peak,109.19824987599213,7.92,864.8501390178577
2026-01-28 11:00:00,half_peak,107.62213860317456,5.28,568.2448918247617
2026-01-28 12:00:00,half_peak,107.05363504464286,5.28,565.2431930357143
2026-01-28 13:00:00,half_peak,107.53855249900786,5.28,567.8035571947615
2026-01-28 14:00:00,half_peak,110.30655484920635,5.28,582.4186096038095
2026-01-28 15:00:00,half_peak,106.47639048842598,5.28,562.1953417788892
2026-01-28 16:00:00,half_peak,108.69257006944443,5.28,573.8967699666666
2026-01-28 17:00:00,half_peak,109.29560952678574,5.28,577.0808183014287
2026-01-28 18:00:00,half_peak,89.86590210317462,5.28,474.491963104762
2026-01-28 19:00:00,half_peak,88.69638517261905,5.28,468.3169137114286
2026-01-28 20:00:00,peak,87.68756092658734,7.92,694.4854825385717
2026-01-28 21:00:00,peak,86.9100346011905,7.92,688.3274740414288
2026-01-28 22:00:00,half_peak,74.97939714947091,5.28,395.8912169492064
2026-01-28 23:00:00,night,74.45255420304234,2.64,196.55474309603179
2026-01-29 00:00:00,night,55.19034683267198,2.64,145.70251563825403
2026-01-29 01:00:00,night,54.759887417658746,2.64,144.56610278261908
2026-01-29 02:00:00,night,55.89467090608464,2.64,147.56193119206347
2026-01-29 03:00:00,night,55.44234327182541,2.64,146.36778623761907
2026-01-29 04:00:00,night,56.0362259246032,2.64,147.93563644095246
2026-01-29 05:00:00,night,56.450789487103165,2.64,149.03008424595237
2026-01-29 06:00:00,night,74.35984025595235,2.64,196.3099782757142
2026-01-29 07:00:00,half_peak,74.49907836904762,5.28,393.3551337885715
2026-01-29 08:00:00,peak,108.21525377876989,7.92,857.0648099278575
2026-01-29 09:00:00,peak,108.04014458432542,7.92,855.6779451078573
2026-01-29 10:00:00,peak,106.62910946329366,7.92,844.5025469492858
2026-01-29 11:00:00,half_peak,106.86838245337294,5.28,564.2650593538092
2026-01-29 12:00:00,half_peak,107.26597827017194,5.28,566.3643652665079
2026-01-29 13:00:00,half_peak,108.43974301785715,5.28,572.5618431342858
2026-01-29 14:00:00,half_peak,109.90425342857144,5.28,580.2944581028572
2026-01-29 15:00:00,half_peak,108.92607162003972,5.28,575.1296581538097
2026-01-29 16:00:00,half_peak,108.30517358829364,5.28,571.8513165461904
2026-01-29 17:00:00,half_peak,108.25532954199733,5.28,571.5881399817459
2026-01-29 18:00:00,half_peak,89.70429089054231,5.28,473.6386559020634
2026-01-29 19:00:00,half_peak,87.91527994841272,5.28,464.19267812761916
2026-01-29 20:00:00,peak,88.39225941865081,7.92,700.0666945957144
2026-01-29 21:00:00,peak,89.78180759920633,7.92,711.0719161857141
2026-01-29 22:00:00,half_peak,76.30400464186506,5.28,402.88514450904756
2026-01-29 23:00:00,night,75.59762629861108,2.64,199.57773342833326
2026-01-30 00:00:00,night,55.41432782738098,2.64,146.2938254642858
2026-01-30 01:00:00,night,55.4140633888889,2.64,146.2931273466667
2026-01-30 02:00:00,night,56.09477007705027,2.64,148.0901930034127
2026-01-30 03:00:00,night,55.969891488095236,2.64,147.76051352857144
2026-01-30 04:00:00,night,54.52151697288358,2.64,143.93680480841266
2026-01-30 05:00:00,night,56.173939165674575,2.64,148.29919939738087
2026-01-30 06:00:00,night,73.7592924133598,2.64,194.7245319712699
2026-01-30 07:00:00,half_peak,71.0808698832672,5.28,375.30699298365084
2026-01-30 08:00:00,peak,106.20044334722226,7.92,841.1075113100003
2026-01-30 09:00:00,peak,107.8347995853175,7.92,854.0516127157146
2026-01-30 10:00:00,peak,107.01608749140209,7.92,847.5674129319045
2026-01-30 11:00:00,half_peak,106.83442358333328,5.28,564.0857565199997
2026-01-30 12:00:00,half_peak,107.08267833234126,5.28,565.3965415947619
2026-01-30 13:00:00,half_peak,109.48215934623015,5.28,578.0658013480952
2026-01-30 14:00:00,half_peak,107.86930317493388,5.28,569.5499207636509
2026-01-30 15:00:00,half_peak,105.5082064140212,5.28,557.0833298660319
2026-01-30 16:00:00,half_peak,110.86759216005285,5.28,585.3808866050791
2026-01-30 17:00:00,half_peak,109.42905268154763,5.28,577.7853981585715
2026-01-30 18:00:00,half_peak,88.53683032109788,5.28,467.47446409539685
2026-01-30 19:00:00,half_peak,89.76687848412698,5.28,473.9691183961905
2026-01-30 20:00:00,peak,88.41495211904763,7.92,700.2464207828572
2026-01-30 21:00:00,peak,88.91173527380955,7.92,704.1809433685717
2026-01-30 22:00:00,half_peak,76.31895009325397,5.28,402.964056492381
2026-01-30 23:00:00,night,74.62364316567458,2.64,197.0064179573809
2026-01-31 00:00:00,night,51.770167720568786,2.64,136.6732427823016
2026-01-31 01:00:00,night,51.6207445684524,2.64,136.27876566071436
2026-01-31 02:00:00,night,51.96400270734127,2.64,137.18496714738097
2026-01-31 03:00:00,night,53.28075097817462,2.64,140.661182582381
2026-01-31 04:00:00,night,52.32910092890213,2.64,138.14882645230162
2026-01-31 05:00:00,night,51.68240775992063,2.64,136.44155648619048
2026-01-31 06:00:00,night,51.74852949801584,2.64,136.61611787476184
2026-01-31 07:00:00,half_peak,51.69687637962961,5.28,272.9595072844443
2026-01-31 08:00:00,peak,52.76385625992066,7.92,417.8897415785716
2026-01-31 09:00:00,peak,71.14276592857141,7.92,563.4507061542855
2026-01-31 10:00:00,peak,71.31966365211639,7.92,564.8517361247618
2026-01-31 11:00:00,half_peak,70.73631232804232,5.28,373.48772909206343
2026-01-31 12:00:00,half_peak,69.57433288161376,5.28,367.35247761492064
2026-01-31 13:00:00,half_peak,69.95059280654762,5.28,369.33913001857144
2026-01-31 14:00:00,half_peak,69.98244682506615,5.28,369.5073192363493
2026-01-31 15:00:00,half_peak,70.00746923611109,5.28,369.6394375666666
2026-01-31 16:00:00,half_peak,70.99006956349207,5.28,374.82756729523817
2026-01-31 17:00:00,half_peak,71.67275534292328,5.28,378.4321482106349
2026-01-31 18:00:00,half_peak,72.5357922886905,5.28,382.9889832842859
2026-01-31 19:00:00,half_peak,51.56147924404762,5.28,272.2446104085714
2026-01-31 20:00:00,peak,52.024255279431216,7.92,412.0321018130952
2026-01-31 21:00:00,peak,52.65849406911378,7.92,417.05527302738113
2026-01-31 22:00:00,half_peak,52.798557636904775,5.28,278.7763843228572
2026-01-31 23:00:00,night,51.465388234127,2.64,135.86862493809528
